time_s,x_m,y_m,theta_rad,v_m_s,w_rad_s
0.000000000000000000e+00,6.750000000000000000e+00,3.350000000000000089e+00,2.873918337131550871e+00,0.000000000000000000e+00,0.000000000000000000e+00
5.000000000000000278e-02,6.731854185616997555e+00,3.354976597062985455e+00,2.893553291315844600e+00,3.763174712657928467e-01,3.926990836858749723e-01
1.000000000000000056e-01,6.713581680182238109e+00,3.359604191167502307e+00,2.913188245500138329e+00,3.769875764846801758e-01,3.926990836858749723e-01
1.500000000000000222e-01,6.694620382027825833e+00,3.364011952023552077e+00,2.932823199684432058e+00,3.893374800682067871e-01,3.926990836858749723e-01
2.000000000000000111e-01,6.675386750548255144e+00,3.368086718632557819e+00,2.952458153868725788e+00,3.932105302810668945e-01,3.926990836858749723e-01
2.500000000000000000e-01,6.659323078617339853e+00,3.371161666458818651e+00,2.991728062237313246e+00,3.271066248416900635e-01,7.853981673717499445e-01
3.000000000000000444e-01,6.638723260273340365e+00,3.374272171446108803e+00,3.011363016421606975e+00,4.166666567325592041e-01,3.926990836858749723e-01
3.500000000000000333e-01,6.618066342041807992e+00,3.376977626353793838e+00,3.030997970605900704e+00,4.166666567325592041e-01,3.926990836858749723e-01
4.000000000000000222e-01,6.593219076068862705e+00,3.379736860608021143e+00,3.030997970605900704e+00,5.000000000000000000e-01,0.000000000000000000e+00
4.500000000000000111e-01,6.568371810095917418e+00,3.382496094862248448e+00,3.030997970605900704e+00,5.000000000000000000e-01,0.000000000000000000e+00
5.000000000000000000e-01,6.543524544122972131e+00,3.385255329116475753e+00,3.030997970605900704e+00,5.000000000000000000e-01,0.000000000000000000e+00
5.500000000000000444e-01,6.518677278150026844e+00,3.388014563370703058e+00,3.030997970605900704e+00,5.000000000000000000e-01,0.000000000000000000e+00
6.000000000000000888e-01,6.493830012177081557e+00,3.390773797624930364e+00,3.030997970605900704e+00,5.000000000000000000e-01,0.000000000000000000e+00
6.500000000000000222e-01,6.468982746204136269e+00,3.393533031879157669e+00,3.030997970605900704e+00,5.000000000000000000e-01,0.000000000000000000e+00
7.000000000000000666e-01,6.444135480231190982e+00,3.396292266133384974e+00,3.030997970605900704e+00,5.000000000000000000e-01,0.000000000000000000e+00
7.500000000000000000e-01,6.419288214258245695e+00,3.399051500387612279e+00,3.030997970605900704e+00,5.000000000000000000e-01,0.000000000000000000e+00
8.000000000000000444e-01,6.394440948285300408e+00,3.401810734641839584e+00,3.030997970605900704e+00,5.000000000000000000e-01,0.000000000000000000e+00
8.500000000000000888e-01,6.369593682312355121e+00,3.404569968896066889e+00,3.030997970605900704e+00,5.000000000000000000e-01,0.000000000000000000e+00
9.000000000000000222e-01,6.344746416339409834e+00,3.407329203150294195e+00,3.030997970605900704e+00,5.000000000000000000e-01,0.000000000000000000e+00
9.500000000000000666e-01,6.319899150366464546e+00,3.410088437404521500e+00,3.030997970605900704e+00,5.000000000000000000e-01,0.000000000000000000e+00
1.000000000000000000e+00,6.295051884393519259e+00,3.412847671658748805e+00,3.030997970605900704e+00,5.000000000000000000e-01,0.000000000000000000e+00
1.050000000000000044e+00,6.270204618420573972e+00,3.415606905912976110e+00,3.030997970605900704e+00,5.000000000000000000e-01,0.000000000000000000e+00
1.100000000000000089e+00,6.245357352447628685e+00,3.418366140167203415e+00,3.030997970605900704e+00,5.000000000000000000e-01,0.000000000000000000e+00
1.150000000000000133e+00,6.220510086474683398e+00,3.421125374421430720e+00,3.030997970605900704e+00,5.000000000000000000e-01,0.000000000000000000e+00
1.200000000000000178e+00,6.195662820501738111e+00,3.423884608675658026e+00,3.030997970605900704e+00,5.000000000000000000e-01,0.000000000000000000e+00
1.250000000000000000e+00,6.170815554528792823e+00,3.426643842929885331e+00,3.030997970605900704e+00,5.000000000000000000e-01,0.000000000000000000e+00
1.300000000000000044e+00,6.145968288555847536e+00,3.429403077184112636e+00,3.030997970605900704e+00,5.000000000000000000e-01,0.000000000000000000e+00
1.350000000000000089e+00,6.121121022582902249e+00,3.432162311438339941e+00,3.030997970605900704e+00,5.000000000000000000e-01,0.000000000000000000e+00
1.400000000000000133e+00,6.096273756609956962e+00,3.434921545692567246e+00,3.030997970605900704e+00,5.000000000000000000e-01,0.000000000000000000e+00
1.450000000000000178e+00,6.071426490637011675e+00,3.437680779946794551e+00,3.030997970605900704e+00,5.000000000000000000e-01,0.000000000000000000e+00
1.500000000000000000e+00,6.046579224664066388e+00,3.440440014201021857e+00,3.030997970605900704e+00,5.000000000000000000e-01,0.000000000000000000e+00
1.550000000000000044e+00,6.021731958691121100e+00,3.443199248455249162e+00,3.030997970605900704e+00,5.000000000000000000e-01,0.000000000000000000e+00
1.600000000000000089e+00,5.997571457449947019e+00,3.445882218996013435e+00,3.030997970605900704e+00,4.861802756786346436e-01,0.000000000000000000e+00
1.650000000000000133e+00,5.972724191477001732e+00,3.448641453250240740e+00,3.030997970605900704e+00,5.000000000000000000e-01,0.000000000000000000e+00
1.700000000000000178e+00,5.948029035850986190e+00,3.451383795984888980e+00,3.030997970605900704e+00,4.969390928745269775e-01,0.000000000000000000e+00
1.750000000000000000e+00,5.923192695306972233e+00,3.454141816994255265e+00,3.030997970605900704e+00,4.997801482677459717e-01,0.000000000000000000e+00
1.800000000000000044e+00,5.898574078404990928e+00,3.456875660271886197e+00,3.030997970605900704e+00,4.953989088535308838e-01,0.000000000000000000e+00
1.850000000000000089e+00,5.874174168537316554e+00,3.459585216614232017e+00,3.030997970605900704e+00,4.909978806972503662e-01,0.000000000000000000e+00
1.900000000000000133e+00,5.850180909147396413e+00,3.462249615315132090e+00,3.030997970605900704e+00,4.828148782253265381e-01,0.000000000000000000e+00
1.950000000000000178e+00,5.826172555278463783e+00,3.464915690224737777e+00,3.030997970605900704e+00,4.831186234951019287e-01,0.000000000000000000e+00
2.000000000000000000e+00,5.802028457731318589e+00,3.467596839171347423e+00,3.030997970605900704e+00,4.858501851558685303e-01,0.000000000000000000e+00
2.050000000000000266e+00,5.778248324920748580e+00,3.470237570634215007e+00,3.030997970605900704e+00,4.785261452198028564e-01,0.000000000000000000e+00
2.100000000000000089e+00,5.754049071507495228e+00,3.472924844518483933e+00,3.030997970605900704e+00,4.869600832462310791e-01,0.000000000000000000e+00
2.149999999999999911e+00,5.730383329137461956e+00,3.475552873174442059e+00,3.030997970605900704e+00,4.762242734432220459e-01,0.000000000000000000e+00
2.200000000000000178e+00,5.706894141225044237e+00,3.478161295846075252e+00,3.030997970605900704e+00,4.726714789867401123e-01,0.000000000000000000e+00
2.250000000000000000e+00,5.683615686575837600e+00,3.480746317052171079e+00,3.030997970605900704e+00,4.684309065341949463e-01,0.000000000000000000e+00
2.300000000000000266e+00,5.660180129086691991e+00,3.483348784183217806e+00,3.030997970605900704e+00,4.715922772884368896e-01,0.000000000000000000e+00
2.350000000000000089e+00,5.637234694899681209e+00,3.485896824199204325e+00,3.030997970605900704e+00,4.617295563220977783e-01,0.000000000000000000e+00
2.400000000000000355e+00,5.614404273178441152e+00,3.488432092333746404e+00,3.030997970605900704e+00,4.594151675701141357e-01,0.000000000000000000e+00
2.450000000000000178e+00,5.591329277059233327e+00,3.490994519917433259e+00,3.030997970605900704e+00,4.643367230892181396e-01,0.000000000000000000e+00
2.500000000000000000e+00,5.567956002068163102e+00,3.493590070714010398e+00,3.030997970605900704e+00,4.703389704227447510e-01,0.000000000000000000e+00
2.550000000000000266e+00,5.543108736095217814e+00,3.496349304968237703e+00,3.030997970605900704e+00,5.000000000000000000e-01,0.000000000000000000e+00
2.600000000000000089e+00,5.518261470122272527e+00,3.499108539222465009e+00,3.030997970605900704e+00,5.000000000000000000e-01,0.000000000000000000e+00
2.650000000000000355e+00,5.493414204149327240e+00,3.501867773476692314e+00,3.030997970605900704e+00,5.000000000000000000e-01,0.000000000000000000e+00
2.700000000000000178e+00,5.468566938176381953e+00,3.504627007730919619e+00,3.030997970605900704e+00,5.000000000000000000e-01,0.000000000000000000e+00
2.750000000000000000e+00,5.443719672203436666e+00,3.507386241985146924e+00,3.030997970605900704e+00,5.000000000000000000e-01,0.000000000000000000e+00
2.800000000000000266e+00,5.418872406230491379e+00,3.510145476239374229e+00,3.030997970605900704e+00,5.000000000000000000e-01,0.000000000000000000e+00
2.850000000000000089e+00,5.394025140257546092e+00,3.512904710493601534e+00,3.030997970605900704e+00,5.000000000000000000e-01,0.000000000000000000e+00
2.900000000000000355e+00,5.369177874284600804e+00,3.515663944747828840e+00,3.030997970605900704e+00,5.000000000000000000e-01,0.000000000000000000e+00
2.950000000000000178e+00,5.344330608311655517e+00,3.518423179002056145e+00,3.030997970605900704e+00,5.000000000000000000e-01,0.000000000000000000e+00
3.000000000000000000e+00,5.319483342338710230e+00,3.521182413256283450e+00,3.030997970605900704e+00,5.000000000000000000e-01,0.000000000000000000e+00
3.050000000000000266e+00,5.294636076365764943e+00,3.523941647510510755e+00,3.030997970605900704e+00,5.000000000000000000e-01,0.000000000000000000e+00
3.100000000000000089e+00,5.269788810392819656e+00,3.526700881764738060e+00,3.030997970605900704e+00,5.000000000000000000e-01,0.000000000000000000e+00
3.150000000000000355e+00,5.244941544419874369e+00,3.529460116018965365e+00,3.030997970605900704e+00,5.000000000000000000e-01,0.000000000000000000e+00
3.200000000000000178e+00,5.220094278446929081e+00,3.532219350273192671e+00,3.030997970605900704e+00,5.000000000000000000e-01,0.000000000000000000e+00
3.250000000000000000e+00,5.195247012473983794e+00,3.534978584527419976e+00,3.030997970605900704e+00,5.000000000000000000e-01,0.000000000000000000e+00
3.300000000000000266e+00,5.170399746501038507e+00,3.537737818781647281e+00,3.030997970605900704e+00,5.000000000000000000e-01,0.000000000000000000e+00
3.350000000000000089e+00,5.145552480528093220e+00,3.540497053035874586e+00,3.030997970605900704e+00,5.000000000000000000e-01,0.000000000000000000e+00
3.400000000000000355e+00,5.120705214555147933e+00,3.543256287290101891e+00,3.030997970605900704e+00,5.000000000000000000e-01,0.000000000000000000e+00
3.450000000000000178e+00,5.095857948582202646e+00,3.546015521544329197e+00,3.030997970605900704e+00,5.000000000000000000e-01,0.000000000000000000e+00
3.500000000000000000e+00,5.071010682609257358e+00,3.548774755798556502e+00,3.030997970605900704e+00,5.000000000000000000e-01,0.000000000000000000e+00
3.550000000000000266e+00,5.046163416636312071e+00,3.551533990052783807e+00,3.030997970605900704e+00,5.000000000000000000e-01,0.000000000000000000e+00
3.600000000000000089e+00,5.021316150663366784e+00,3.554293224307011112e+00,3.030997970605900704e+00,5.000000000000000000e-01,0.000000000000000000e+00
3.650000000000000355e+00,4.996468884690421497e+00,3.557052458561238417e+00,3.030997970605900704e+00,5.000000000000000000e-01,0.000000000000000000e+00
3.700000000000000178e+00,4.971621618717476210e+00,3.559811692815465722e+00,3.030997970605900704e+00,5.000000000000000000e-01,0.000000000000000000e+00
3.750000000000000000e+00,4.946774352744530923e+00,3.562570927069693028e+00,3.030997970605900704e+00,5.000000000000000000e-01,0.000000000000000000e+00
3.800000000000000266e+00,4.921927086771585635e+00,3.565330161323920333e+00,3.030997970605900704e+00,5.000000000000000000e-01,0.000000000000000000e+00
3.850000000000000089e+00,4.897079820798640348e+00,3.568089395578147638e+00,3.030997970605900704e+00,5.000000000000000000e-01,0.000000000000000000e+00
3.900000000000000355e+00,4.872232554825695061e+00,3.570848629832374943e+00,3.030997970605900704e+00,5.000000000000000000e-01,0.000000000000000000e+00
3.950000000000000178e+00,4.847385288852749774e+00,3.573607864086602248e+00,3.030997970605900704e+00,5.000000000000000000e-01,0.000000000000000000e+00
4.000000000000000000e+00,4.822538022879804487e+00,3.576367098340829553e+00,3.030997970605900704e+00,5.000000000000000000e-01,0.000000000000000000e+00
4.049999999999999822e+00,4.797690756906859200e+00,3.579126332595056859e+00,3.030997970605900704e+00,5.000000000000000000e-01,0.000000000000000000e+00
4.100000000000000533e+00,4.772843490933913912e+00,3.581885566849284164e+00,3.030997970605900704e+00,5.000000000000000000e-01,0.000000000000000000e+00
4.150000000000000355e+00,4.747996224960968625e+00,3.584644801103511469e+00,3.030997970605900704e+00,5.000000000000000000e-01,0.000000000000000000e+00
4.200000000000000178e+00,4.723148958988023338e+00,3.587404035357738774e+00,3.030997970605900704e+00,5.000000000000000000e-01,0.000000000000000000e+00
4.250000000000000000e+00,4.702442904504239962e+00,3.589703397181440714e+00,3.050632924790194433e+00,4.166666567325592041e-01,3.926990836858749723e-01
4.299999999999999822e+00,4.681695696346446667e+00,3.591595779473396810e+00,3.070267878974488163e+00,4.166666567325592041e-01,3.926990836858749723e-01
4.350000000000000533e+00,4.660915332958410318e+00,3.593080452684203063e+00,3.089902833158781892e+00,4.166666567325592041e-01,3.926990836858749723e-01
4.400000000000000355e+00,4.640109825565870594e+00,3.594156844444068799e+00,3.109537787343075621e+00,4.166666567325592041e-01,3.926990836858749723e-01
4.450000000000000178e+00,4.619287195088059406e+00,3.594824539783476602e+00,3.129172741527369350e+00,4.166666567325592041e-01,3.926990836858749723e-01
4.500000000000000000e+00,4.598455469045484634e+00,3.595083281293160127e+00,-3.134377611467923597e+00,4.166666567325592041e-01,3.926990836858749723e-01
4.549999999999999822e+00,4.577622678465166572e+00,3.594932969223341157e+00,-3.114742657283629867e+00,4.166666567325592041e-01,3.926990836858749723e-01
4.600000000000000533e+00,4.556796854784525230e+00,3.594373661522184626e+00,-3.095107703099336138e+00,4.166666567325592041e-01,3.926990836858749723e-01
4.650000000000000355e+00,4.535986026755108647e+00,3.593405573813458265e+00,-3.075472748915042409e+00,4.166666567325592041e-01,3.926990836858749723e-01
4.700000000000000178e+00,4.511040654871061761e+00,3.591753780374013605e+00,-3.075472748915042409e+00,5.000000000000000000e-01,0.000000000000000000e+00
4.750000000000000000e+00,4.486095282987014876e+00,3.590101986934568945e+00,-3.075472748915042409e+00,5.000000000000000000e-01,0.000000000000000000e+00
4.800000000000000711e+00,4.461149911102967991e+00,3.588450193495124285e+00,-3.075472748915042409e+00,5.000000000000000000e-01,0.000000000000000000e+00
4.850000000000000533e+00,4.436204539218921106e+00,3.586798400055679625e+00,-3.075472748915042409e+00,5.000000000000000000e-01,0.000000000000000000e+00
4.900000000000000355e+00,4.411259167334874221e+00,3.585146606616234966e+00,-3.075472748915042409e+00,5.000000000000000000e-01,0.000000000000000000e+00
4.950000000000000178e+00,4.386313795450827335e+00,3.583494813176790306e+00,-3.075472748915042409e+00,5.000000000000000000e-01,0.000000000000000000e+00
5.000000000000000000e+00,4.361368423566780450e+00,3.581843019737345646e+00,-3.075472748915042409e+00,5.000000000000000000e-01,0.000000000000000000e+00
5.050000000000000711e+00,4.336423051682733565e+00,3.580191226297900986e+00,-3.075472748915042409e+00,5.000000000000000000e-01,0.000000000000000000e+00
5.100000000000000533e+00,4.311477679798686680e+00,3.578539432858456326e+00,-3.075472748915042409e+00,5.000000000000000000e-01,0.000000000000000000e+00
5.150000000000000355e+00,4.286532307914639794e+00,3.576887639419011666e+00,-3.075472748915042409e+00,5.000000000000000000e-01,0.000000000000000000e+00
5.200000000000000178e+00,4.261586936030592909e+00,3.575235845979567006e+00,-3.075472748915042409e+00,5.000000000000000000e-01,0.000000000000000000e+00
5.250000000000000000e+00,4.236641564146546024e+00,3.573584052540122347e+00,-3.075472748915042409e+00,5.000000000000000000e-01,0.000000000000000000e+00
5.300000000000000711e+00,4.211696192262499139e+00,3.571932259100677687e+00,-3.075472748915042409e+00,5.000000000000000000e-01,0.000000000000000000e+00
5.350000000000000533e+00,4.186750820378452254e+00,3.570280465661233027e+00,-3.075472748915042409e+00,5.000000000000000000e-01,0.000000000000000000e+00
5.400000000000000355e+00,4.161805448494405368e+00,3.568628672221788367e+00,-3.075472748915042409e+00,5.000000000000000000e-01,0.000000000000000000e+00
5.450000000000000178e+00,4.136860076610358483e+00,3.566976878782343707e+00,-3.075472748915042409e+00,5.000000000000000000e-01,0.000000000000000000e+00
5.500000000000000000e+00,4.111914704726311598e+00,3.565325085342899047e+00,-3.075472748915042409e+00,5.000000000000000000e-01,0.000000000000000000e+00
5.550000000000000711e+00,4.086969332842264713e+00,3.563673291903454388e+00,-3.075472748915042409e+00,5.000000000000000000e-01,0.000000000000000000e+00
5.600000000000000533e+00,4.062023960958217828e+00,3.562021498464009728e+00,-3.075472748915042409e+00,5.000000000000000000e-01,0.000000000000000000e+00
5.650000000000000355e+00,4.037078589074170942e+00,3.560369705024565068e+00,-3.075472748915042409e+00,5.000000000000000000e-01,0.000000000000000000e+00
5.700000000000000178e+00,4.012133217190124057e+00,3.558717911585120408e+00,-3.075472748915042409e+00,5.000000000000000000e-01,0.000000000000000000e+00
5.750000000000000000e+00,3.987187845306077172e+00,3.557066118145675748e+00,-3.075472748915042409e+00,5.000000000000000000e-01,0.000000000000000000e+00
5.800000000000000711e+00,3.962242473422030287e+00,3.555414324706231088e+00,-3.075472748915042409e+00,5.000000000000000000e-01,0.000000000000000000e+00
5.850000000000000533e+00,3.937297101537983401e+00,3.553762531266786429e+00,-3.075472748915042409e+00,5.000000000000000000e-01,0.000000000000000000e+00
5.900000000000000355e+00,3.912351729653936516e+00,3.552110737827341769e+00,-3.075472748915042409e+00,5.000000000000000000e-01,0.000000000000000000e+00
5.950000000000000178e+00,3.887406357769889631e+00,3.550458944387897109e+00,-3.075472748915042409e+00,5.000000000000000000e-01,0.000000000000000000e+00
6.000000000000000000e+00,3.862460985885842746e+00,3.548807150948452449e+00,-3.075472748915042409e+00,5.000000000000000000e-01,0.000000000000000000e+00
6.050000000000000711e+00,3.837515614001795861e+00,3.547155357509007789e+00,-3.075472748915042409e+00,5.000000000000000000e-01,0.000000000000000000e+00
6.100000000000000533e+00,3.812570242117748975e+00,3.545503564069563129e+00,-3.075472748915042409e+00,5.000000000000000000e-01,0.000000000000000000e+00
6.150000000000000355e+00,3.787624870233702090e+00,3.543851770630118470e+00,-3.075472748915042409e+00,5.000000000000000000e-01,0.000000000000000000e+00
6.200000000000000178e+00,3.762679498349655205e+00,3.542199977190673810e+00,-3.075472748915042409e+00,5.000000000000000000e-01,0.000000000000000000e+00
6.250000000000000000e+00,3.737734126465608320e+00,3.540548183751229150e+00,-3.075472748915042409e+00,5.000000000000000000e-01,0.000000000000000000e+00
6.300000000000000711e+00,3.712788754581561435e+00,3.538896390311784490e+00,-3.075472748915042409e+00,5.000000000000000000e-01,0.000000000000000000e+00
6.350000000000000533e+00,3.687843382697514549e+00,3.537244596872339830e+00,-3.075472748915042409e+00,5.000000000000000000e-01,0.000000000000000000e+00
6.400000000000000355e+00,3.662898010813467664e+00,3.535592803432895170e+00,-3.075472748915042409e+00,5.000000000000000000e-01,0.000000000000000000e+00
6.450000000000000178e+00,3.637952638929420779e+00,3.533941009993450511e+00,-3.075472748915042409e+00,5.000000000000000000e-01,0.000000000000000000e+00
6.500000000000000000e+00,3.613007267045373894e+00,3.532289216554005851e+00,-3.075472748915042409e+00,5.000000000000000000e-01,0.000000000000000000e+00
6.550000000000000711e+00,3.588061895161327008e+00,3.530637423114561191e+00,-3.075472748915042409e+00,5.000000000000000000e-01,0.000000000000000000e+00
6.600000000000000533e+00,3.567274085753574298e+00,3.529260928614508686e+00,-3.095107703099336138e+00,4.166666567325592041e-01,-3.926990836858749723e-01
6.650000000000000355e+00,3.546463257724158158e+00,3.528292840905782324e+00,-3.075472748915042409e+00,4.166666567325592041e-01,3.926990836858749723e-01
6.700000000000000178e+00,3.525675448316405447e+00,3.526916346405729819e+00,-3.095107703099336138e+00,4.166666567325592041e-01,-3.926990836858749723e-01
6.750000000000000000e+00,3.504864620286989307e+00,3.525948258697003457e+00,-3.075472748915042409e+00,4.166666567325592041e-01,3.926990836858749723e-01
6.800000000000000711e+00,3.484076810879236596e+00,3.524571764196950951e+00,-3.095107703099336138e+00,4.166666567325592041e-01,-3.926990836858749723e-01
6.850000000000000533e+00,3.463265982849820457e+00,3.523603676488224590e+00,-3.075472748915042409e+00,4.166666567325592041e-01,3.926990836858749723e-01
6.900000000000000355e+00,3.442478173442067746e+00,3.522227181988172084e+00,-3.095107703099336138e+00,4.166666567325592041e-01,-3.926990836858749723e-01
6.950000000000000178e+00,3.421667345412651606e+00,3.521259094279445723e+00,-3.075472748915042409e+00,4.166666567325592041e-01,3.926990836858749723e-01
7.000000000000000000e+00,3.400879536004898895e+00,3.519882599779393217e+00,-3.095107703099336138e+00,4.166666567325592041e-01,-3.926990836858749723e-01
7.050000000000000711e+00,3.380068707975482756e+00,3.518914512070666856e+00,-3.075472748915042409e+00,4.166666567325592041e-01,3.926990836858749723e-01
7.100000000000000533e+00,3.359280898567730045e+00,3.517538017570614350e+00,-3.095107703099336138e+00,4.166666567325592041e-01,-3.926990836858749723e-01
7.150000000000000355e+00,3.338470070538313905e+00,3.516569929861887989e+00,-3.075472748915042409e+00,4.166666567325592041e-01,3.926990836858749723e-01
7.200000000000000178e+00,3.317682261130561194e+00,3.515193435361835483e+00,-3.095107703099336138e+00,4.166666567325592041e-01,-3.926990836858749723e-01
7.250000000000000000e+00,3.296871433101145055e+00,3.514225347653109122e+00,-3.075472748915042409e+00,4.166666567325592041e-01,3.926990836858749723e-01
7.300000000000000711e+00,3.276083623693392344e+00,3.512848853153056616e+00,-3.095107703099336138e+00,4.166666567325592041e-01,-3.926990836858749723e-01
7.350000000000000533e+00,3.255272795663976204e+00,3.511880765444330255e+00,-3.114742657283629867e+00,4.166666567325592041e-01,-3.926990836858749723e-01
7.400000000000000355e+00,3.235889736516492032e+00,3.511360205277327395e+00,-3.134377611467923597e+00,3.878009617328643799e-01,-3.926990836858749723e-01
7.450000000000000178e+00,3.217282491170741832e+00,3.511225950888758440e+00,3.129172741527369350e+00,3.721545934677124023e-01,-3.926990836858749723e-01
7.500000000000000000e+00,3.196266511580700520e+00,3.511486980928971935e+00,3.129172741527369350e+00,4.203520119190216064e-01,0.000000000000000000e+00
7.550000000000000711e+00,3.179404911595597572e+00,3.511696411286634678e+00,3.109537787343075621e+00,3.372580111026763916e-01,-3.926990836858749723e-01
7.600000000000000533e+00,3.159543770138170782e+00,3.512333275663619858e+00,3.109537787343075621e+00,3.974269926548004150e-01,0.000000000000000000e+00
7.650000000000000355e+00,3.139917856718774214e+00,3.512962597253690866e+00,3.109537787343075621e+00,3.927200138568878174e-01,0.000000000000000000e+00
7.700000000000000178e+00,3.120731036629934341e+00,3.513577838943016562e+00,3.109537787343075621e+00,3.839336335659027100e-01,0.000000000000000000e+00
7.750000000000000000e+00,3.102114471023969866e+00,3.514174794937799717e+00,3.109537787343075621e+00,3.725226819515228271e-01,0.000000000000000000e+00
7.800000000000000711e+00,3.083952884162350028e+00,3.514757161652546813e+00,3.109537787343075621e+00,3.634184300899505615e-01,0.000000000000000000e+00
7.850000000000000533e+00,3.066760367115805241e+00,3.515308454320247744e+00,3.109537787343075621e+00,3.440270721912384033e-01,0.000000000000000000e+00
7.900000000000000355e+00,3.052659056869648779e+00,3.515760624815273960e+00,3.089902833158781892e+00,2.821711599826812744e-01,-3.926990836858749723e-01
7.950000000000000178e+00,3.035773039431613363e+00,3.516634238214088271e+00,3.089902833158781892e+00,3.381720185279846191e-01,0.000000000000000000e+00
8.000000000000000000e+00,3.019913217236891878e+00,3.517454760472990660e+00,3.089902833158781892e+00,3.176206648349761963e-01,0.000000000000000000e+00
8.050000000000000711e+00,3.003932838987692477e+00,3.518281519808509117e+00,3.089902833158781892e+00,3.200350105762481689e-01,0.000000000000000000e+00
8.099999999999999645e+00,2.988214567327483806e+00,3.519094718822364687e+00,3.089902833158781892e+00,3.147858679294586182e-01,0.000000000000000000e+00
8.150000000000000355e+00,2.972679280090900988e+00,3.519898450971411297e+00,3.089902833158781892e+00,3.111212849617004395e-01,0.000000000000000000e+00
8.200000000000001066e+00,2.957679198818237154e+00,3.520674493755400647e+00,3.089902833158781892e+00,3.004028499126434326e-01,0.000000000000000000e+00
8.250000000000000000e+00,2.942884645588283998e+00,3.521439903360038759e+00,3.089902833158781892e+00,2.962867915630340576e-01,0.000000000000000000e+00
8.300000000000000711e+00,2.928240489801250401e+00,3.522197532016814847e+00,3.089902833158781892e+00,2.932748198509216309e-01,0.000000000000000000e+00
8.349999999999999645e+00,2.913821148168441955e+00,3.522943529709801069e+00,3.089902833158781892e+00,2.887725234031677246e-01,0.000000000000000000e+00
8.400000000000000355e+00,2.899982970291366868e+00,3.523659460369765739e+00,3.089902833158781892e+00,2.771337032318115234e-01,0.000000000000000000e+00
8.450000000000001066e+00,2.886089072516649257e+00,3.524378273749077195e+00,3.089902833158781892e+00,2.782495915889739990e-01,0.000000000000000000e+00
8.500000000000000000e+00,2.875222480397820135e+00,3.524940466729707289e+00,3.070267878974488163e+00,2.176225036382675171e-01,-3.926990836858749723e-01
8.550000000000000711e+00,2.861865197468127953e+00,3.525894790759781294e+00,3.070267878974488163e+00,2.678266167640686035e-01,0.000000000000000000e+00
8.599999999999999645e+00,2.848810933601809925e+00,3.526827465299066766e+00,3.070267878974488163e+00,2.617507874965667725e-01,0.000000000000000000e+00
8.650000000000000355e+00,2.836443803374190331e+00,3.527711046909293380e+00,3.070267878974488163e+00,2.479730844497680664e-01,0.000000000000000000e+00
8.700000000000001066e+00,2.824164581983547695e+00,3.528588347787426471e+00,3.070267878974488163e+00,2.462104260921478271e-01,0.000000000000000000e+00
8.750000000000000000e+00,2.811951319346113198e+00,3.529460936178482999e+00,3.070267878974488163e+00,2.448878884315490723e-01,0.000000000000000000e+00
8.800000000000000711e+00,2.799746154220621452e+00,3.530332946034947739e+00,3.070267878974488163e+00,2.447255253791809082e-01,0.000000000000000000e+00
8.849999999999999645e+00,2.788198576030467724e+00,3.531157973955223905e+00,3.070267878974488163e+00,2.315402626991271973e-01,0.000000000000000000e+00
8.900000000000000355e+00,2.776670235376487383e+00,3.531981627431075577e+00,3.070267878974488163e+00,2.311545312404632568e-01,0.000000000000000000e+00
8.950000000000001066e+00,2.765661922052431443e+00,3.532768127050124551e+00,3.070267878974488163e+00,2.207274734973907471e-01,0.000000000000000000e+00
9.000000000000000000e+00,2.755117038195365797e+00,3.533521516501564985e+00,3.070267878974488163e+00,2.114352583885192871e-01,0.000000000000000000e+00
9.050000000000000711e+00,2.744893513196068557e+00,3.534251946157824342e+00,3.070267878974488163e+00,2.049916982650756836e-01,0.000000000000000000e+00
9.099999999999999645e+00,2.735140332059054824e+00,3.534948771640799237e+00,3.070267878974488163e+00,1.955608427524566650e-01,0.000000000000000000e+00
9.150000000000000355e+00,2.724961899261908016e+00,3.535675979640954480e+00,3.070267878974488163e+00,2.040875554084777832e-01,0.000000000000000000e+00
9.200000000000001066e+00,2.715557834147774408e+00,3.536347862191173697e+00,3.070267878974488163e+00,1.885607242584228516e-01,0.000000000000000000e+00
9.250000000000000000e+00,2.706022260267272550e+00,3.537029140512716108e+00,3.070267878974488163e+00,1.911976039409637451e-01,0.000000000000000000e+00
9.300000000000000711e+00,2.697313942059405001e+00,3.537651314750623666e+00,3.070267878974488163e+00,1.746103167533874512e-01,0.000000000000000000e+00
9.349999999999999645e+00,2.688699052908659848e+00,3.538266813858956805e+00,3.070267878974488163e+00,1.727369725704193115e-01,0.000000000000000000e+00
9.400000000000000355e+00,2.680426181080898473e+00,3.538857877208030800e+00,3.070267878974488163e+00,1.658791899681091309e-01,0.000000000000000000e+00
9.450000000000001066e+00,2.672006825737718749e+00,3.539459406213893988e+00,3.070267878974488163e+00,1.688163280487060547e-01,0.000000000000000000e+00
9.500000000000000000e+00,2.664087451626157677e+00,3.540025213575884511e+00,3.070267878974488163e+00,1.587912142276763916e-01,0.000000000000000000e+00
9.550000000000000711e+00,2.656005804742686660e+00,3.540602614673403092e+00,3.070267878974488163e+00,1.620449423789978027e-01,0.000000000000000000e+00
9.600000000000001421e+00,2.648278296182546399e+00,3.541154714015040117e+00,3.070267878974488163e+00,1.549441218376159668e-01,0.000000000000000000e+00
9.650000000000000355e+00,2.640641025534495867e+00,3.541700366221553598e+00,3.070267878974488163e+00,1.531347632408142090e-01,0.000000000000000000e+00
9.700000000000001066e+00,2.633054064097942071e+00,3.542242424037672421e+00,3.070267878974488163e+00,1.521260142326354980e-01,0.000000000000000000e+00
9.750000000000000000e+00,2.625965275032501101e+00,3.542748889445711313e+00,3.070267878974488163e+00,1.421371698379516602e-01,0.000000000000000000e+00
9.800000000000000711e+00,2.619205338887827139e+00,3.543231859637971493e+00,3.070267878974488163e+00,1.355433464050292969e-01,0.000000000000000000e+00
9.850000000000001421e+00,2.612260768174771819e+00,3.543728021225990510e+00,3.070267878974488163e+00,1.392454504966735840e-01,0.000000000000000000e+00
9.900000000000000355e+00,2.605450628347849573e+00,3.544214578269006211e+00,3.070267878974488163e+00,1.365499794483184814e-01,0.000000000000000000e+00
9.950000000000001066e+00,2.598704458568009024e+00,3.544696564909983305e+00,3.070267878974488163e+00,1.352673172950744629e-01,0.000000000000000000e+00
1.000000000000000000e+01,2.592189568770884467e+00,3.545162027528347082e+00,3.070267878974488163e+00,1.306299269199371338e-01,0.000000000000000000e+00
1.005000000000000071e+01,2.585662641207749690e+00,3.545628350196575074e+00,3.070267878974488163e+00,1.308712959289550781e-01,0.000000000000000000e+00
1.010000000000000142e+01,2.580130061877494718e+00,3.546023630691189421e+00,3.070267878974488163e+00,1.109336391091346741e-01,0.000000000000000000e+00
1.015000000000000036e+01,2.574065111267850536e+00,3.546456946968044477e+00,3.070267878974488163e+00,1.216082051396369934e-01,0.000000000000000000e+00
1.020000000000000107e+01,2.568069557286804638e+00,3.546885305135482724e+00,3.070267878974488163e+00,1.202167347073554993e-01,0.000000000000000000e+00
1.025000000000000000e+01,2.562405659440094574e+00,3.547289967808830990e+00,3.070267878974488163e+00,1.135667040944099426e-01,0.000000000000000000e+00
1.030000000000000071e+01,2.556919866725281931e+00,3.547681905588341067e+00,3.070267878974488163e+00,1.099955216050148010e-01,0.000000000000000000e+00
1.035000000000000142e+01,2.551357412213299813e+00,3.548079320544280879e+00,3.070267878974488163e+00,1.115326657891273499e-01,0.000000000000000000e+00
1.040000000000000036e+01,2.546243442145807556e+00,3.548444693094235713e+00,3.070267878974488163e+00,1.025401130318641663e-01,0.000000000000000000e+00
1.045000000000000107e+01,2.540873085052328673e+00,3.548828383463853875e+00,3.070267878974488163e+00,1.076809242367744446e-01,0.000000000000000000e+00
1.050000000000000000e+01,2.535890116913544379e+00,3.549184396453993084e+00,3.070267878974488163e+00,9.991339594125747681e-02,0.000000000000000000e+00
1.055000000000000071e+01,2.531368079725308640e+00,3.549507477785453613e+00,3.070267878974488163e+00,9.067127853631973267e-02,0.000000000000000000e+00
1.060000000000000142e+01,2.526534153814646189e+00,3.549852842309094036e+00,3.070267878974488163e+00,9.692495316267013550e-02,0.000000000000000000e+00
1.065000000000000036e+01,2.521225969798363220e+00,3.550232090662928996e+00,3.070267878974488163e+00,1.064342930912971497e-01,0.000000000000000000e+00
1.070000000000000107e+01,2.516526095760334591e+00,3.550567877720553156e+00,3.070267878974488163e+00,9.423708170652389526e-02,0.000000000000000000e+00
1.075000000000000000e+01,2.512034361816130712e+00,3.550888794007362126e+00,3.070267878974488163e+00,9.006366878747940063e-02,0.000000000000000000e+00
1.080000000000000071e+01,2.507549738462443223e+00,3.551209202271137233e+00,3.070267878974488163e+00,8.992109447717666626e-02,0.000000000000000000e+00
1.085000000000000142e+01,2.503498358008418467e+00,3.551498657075875531e+00,3.070267878974488163e+00,8.123414963483810425e-02,0.000000000000000000e+00
1.090000000000000036e+01,2.498948106609379938e+00,3.551823754198983440e+00,3.070267878974488163e+00,9.123700112104415894e-02,0.000000000000000000e+00
1.095000000000000107e+01,2.494618174271284516e+00,3.552133110413161710e+00,3.070267878974488163e+00,8.681938797235488892e-02,0.000000000000000000e+00
1.100000000000000000e+01,2.490727613704088128e+00,3.552411075285155206e+00,3.070267878974488163e+00,7.800955325365066528e-02,0.000000000000000000e+00
1.105000000000000071e+01,2.486864066395115369e+00,3.552687110168723184e+00,3.070267878974488163e+00,7.746791094541549683e-02,0.000000000000000000e+00
1.110000000000000142e+01,2.482962579834840700e+00,3.552965855658885896e+00,3.070267878974488163e+00,7.822863012552261353e-02,0.000000000000000000e+00
1.115000000000000036e+01,2.478761065445183043e+00,3.553266036928224736e+00,3.070267878974488163e+00,8.424448221921920776e-02,0.000000000000000000e+00
1.120000000000000107e+01,2.474838128207163201e+00,3.553546314982857446e+00,3.070267878974488163e+00,7.865873724222183228e-02,0.000000000000000000e+00
1.125000000000000000e+01,2.471091015331570162e+00,3.553814031095438253e+00,3.070267878974488163e+00,7.513328641653060913e-02,0.000000000000000000e+00
1.130000000000000071e+01,2.466748024120506866e+00,3.554124320313457819e+00,3.070267878974488163e+00,8.708123117685317993e-02,0.000000000000000000e+00
1.135000000000000142e+01,2.463007558472848135e+00,3.554391561508393860e+00,3.070267878974488163e+00,7.500000298023223877e-02,0.000000000000000000e+00
1.140000000000000036e+01,2.459267092825189405e+00,3.554658802703329901e+00,3.070267878974488163e+00,7.500000298023223877e-02,0.000000000000000000e+00
1.145000000000000107e+01,2.455526627177530674e+00,3.554926043898265942e+00,3.070267878974488163e+00,7.500000298023223877e-02,0.000000000000000000e+00
1.150000000000000000e+01,2.451786161529871944e+00,3.555193285093201983e+00,3.070267878974488163e+00,7.500000298023223877e-02,0.000000000000000000e+00
1.155000000000000071e+01,2.448045695882213213e+00,3.555460526288138023e+00,3.070267878974488163e+00,7.500000298023223877e-02,0.000000000000000000e+00
1.160000000000000142e+01,2.444305230234554482e+00,3.555727767483074064e+00,3.070267878974488163e+00,7.500000298023223877e-02,0.000000000000000000e+00
1.165000000000000036e+01,2.440564764586895752e+00,3.555995008678010105e+00,3.070267878974488163e+00,7.500000298023223877e-02,0.000000000000000000e+00
1.170000000000000107e+01,2.436824298939237021e+00,3.556262249872946146e+00,3.070267878974488163e+00,7.500000298023223877e-02,0.000000000000000000e+00
1.175000000000000000e+01,2.433083833291578291e+00,3.556529491067882187e+00,3.070267878974488163e+00,7.500000298023223877e-02,0.000000000000000000e+00
1.180000000000000071e+01,2.429343367643919560e+00,3.556796732262818228e+00,3.070267878974488163e+00,7.500000298023223877e-02,0.000000000000000000e+00
