time_s,x_m,y_m,theta_rad
0.000000000000000000e+00,8.500000000000000888e-01,8.500000000000000888e-01,0.000000000000000000e+00
5.000000000000000278e-02,8.500000000000000888e-01,8.500000000000000888e-01,9.000000000000001055e-02
1.000000000000000056e-01,8.511189348339115446e-01,8.501009769200743582e-01,1.800000000000000211e-01
1.500000000000000222e-01,8.532935610951073446e-01,8.504966926366626101e-01,2.700000000000000178e-01
2.000000000000000111e-01,8.564302858431550591e-01,8.513648067306853751e-01,3.600000000000000422e-01
2.500000000000000000e-01,8.604099161014147068e-01,8.528627509083751557e-01,4.500000000000000666e-01
3.000000000000000444e-01,8.650924574241410925e-01,8.551246762142771241e-01,5.400000000000000355e-01
3.500000000000000333e-01,8.703218134492050062e-01,8.582593071257637041e-01,6.300000000000000044e-01
4.000000000000000222e-01,8.759303123897826948e-01,8.623485463122713135e-01,7.199999999999999734e-01
4.500000000000000111e-01,8.817430340149706725e-01,8.674466978606319989e-01,8.099999999999999423e-01
5.000000000000000000e-01,8.875819378677977101e-01,8.735802044371132613e-01,8.999999999999999112e-01
5.500000000000000444e-01,8.932698069797343488e-01,8.807478194388709269e-01,9.844537898324745573e-01
6.000000000000000888e-01,8.986552884071866698e-01,8.888551699771535253e-01,1.060693402498797289e+00
6.500000000000000222e-01,9.036395450232337367e-01,8.977636800671920936e-01,1.130028108807087817e+00
7.000000000000000666e-01,9.081612190613186364e-01,9.073491975003488141e-01,1.193113676095726827e+00
7.500000000000000000e-01,9.122170864588274863e-01,9.175724883170442991e-01,1.247377651484037786e+00
8.000000000000000444e-01,9.157913198296244728e-01,9.282358627273601392e-01,1.298615051090329153e+00
8.500000000000000888e-01,9.188722250057992369e-01,9.392742642888401994e-01,1.345046450283578388e+00
9.000000000000000222e-01,9.214766365948134919e-01,9.506143265594413361e-01,1.387420650635468711e+00
9.500000000000000666e-01,9.236246803451364507e-01,9.621966284335149444e-01,1.426095740929631317e+00
1.000000000000000000e+00,9.253495314677705474e-01,9.740334555918498394e-01,1.457315459182999096e+00
1.050000000000000044e+00,9.267135347582126093e-01,9.860014914089100246e-01,1.488244504498367204e+00
1.100000000000000089e+00,9.277131294056725208e-01,9.980826654775966089e-01,1.516154399883846482e+00
1.150000000000000133e+00,9.283786152055824026e-01,1.010249574352471091e+00,1.541696443130084360e+00
1.200000000000000178e+00,9.287359181931893470e-01,1.022524610600705763e+00,1.560712763634648725e+00
1.250000000000000000e+00,9.288600679815861572e-01,1.034836288389377579e+00,1.580688471802313977e+00
1.300000000000000044e+00,9.287379592106553838e-01,1.047179899188420693e+00,1.598587407678056627e+00
1.350000000000000089e+00,9.283942289775135581e-01,1.059545079850104710e+00,1.614993166686264248e+00
1.400000000000000133e+00,9.278455521682580365e-01,1.071951385583895133e+00,1.625672685244694549e+00
1.450000000000000178e+00,9.271638298531317268e-01,1.084361791097988803e+00,1.638060435356099465e+00
1.500000000000000000e+00,9.263276085744415189e-01,1.096774945245008404e+00,1.649029925188477685e+00
1.550000000000000044e+00,9.253545186736021888e-01,1.109187819585426116e+00,1.659104396001468862e+00
1.600000000000000089e+00,9.242543612268034892e-01,1.121613594232187650e+00,1.664159103106834570e+00
1.650000000000000133e+00,9.230911622238123782e-01,1.134036289514169571e+00,1.671328743875182266e+00
1.700000000000000178e+00,9.218385238757711431e-01,1.146454328360768216e+00,1.677543214312730235e+00
1.750000000000000000e+00,9.205084076406236937e-01,1.158867432332640668e+00,1.683269624979900625e+00
1.800000000000000044e+00,9.191060898798320000e-01,1.171282819543152831e+00,1.684606928844752716e+00
1.850000000000000089e+00,9.176871465399114580e-01,1.183696527604646054e+00,1.688234268707134111e+00
1.900000000000000133e+00,9.162230667352613267e-01,1.196106000065886077e+00,1.691232034873684453e+00
1.950000000000000178e+00,9.147217056759266995e-01,1.208511748275087783e+00,1.694014853224057982e+00
2.000000000000000000e+00,9.131854143454597450e-01,1.220916606723283948e+00,1.692971572931816437e+00
2.050000000000000266e+00,9.116620813726269423e-01,1.233322932690863682e+00,1.694240216064154314e+00
2.100000000000000089e+00,9.101229970379662859e-01,1.245727424041690456e+00,1.695107169519105561e+00
2.149999999999999911e+00,9.085731515011020720e-01,1.258130637761041948e+00,1.695938383621585333e+00
2.200000000000000178e+00,9.070129896549160575e-01,1.270532615538372267e+00,1.693444169515204045e+00
2.250000000000000000e+00,9.054837464361328303e-01,1.282938603344054851e+00,1.693186097736754991e+00
2.300000000000000266e+00,9.039577039760414712e-01,1.295344992931768635e+00,1.692684542687681315e+00
2.350000000000000089e+00,9.024378818604211761e-01,1.307752165411552703e+00,1.692260832899129097e+00
2.400000000000000355e+00,9.009234843381652702e-01,1.320158609208562650e+00,1.688954669568688782e+00
2.450000000000000178e+00,8.994500532415370397e-01,1.332570493302075887e+00,1.687750185490965116e+00
2.500000000000000000e+00,8.979915578404190635e-01,1.344984273224503202e+00,1.686410761995203789e+00
2.550000000000000266e+00,8.965496747498274965e-01,1.357400135922270268e+00,1.685217285442598412e+00
2.600000000000000089e+00,8.951228228297939404e-01,1.369815864992396159e+00,1.681531276657644014e+00
2.650000000000000355e+00,8.937416636401137593e-01,1.382237500686703813e+00,1.679780750099549858e+00
2.700000000000000178e+00,8.923822220496772095e-01,1.394661799310604966e+00,1.677968538552351507e+00
2.750000000000000000e+00,8.910452703243768591e-01,1.407088799643094301e+00,1.676339240819231913e+00
2.800000000000000266e+00,8.897287640869827596e-01,1.419516107466123778e+00,1.672559020731784196e+00
2.850000000000000089e+00,8.884591603794002035e-01,1.431949132850228512e+00,1.670534599673487941e+00
2.900000000000000355e+00,8.872146941083600691e-01,1.444385050986005004e+00,1.668496799811040932e+00
2.950000000000000178e+00,8.859955401806783870e-01,1.456823807141374383e+00,1.666657935695790460e+00
3.000000000000000000e+00,8.847994210094006773e-01,1.469263125098871914e+00,1.662966199461897165e+00
3.050000000000000266e+00,8.836491561624586488e-01,1.481707600624646792e+00,1.660849113535638688e+00
3.100000000000000089e+00,8.825252057949576345e-01,1.494154861141681501e+00,1.658749443680616276e+00
3.150000000000000355e+00,8.814273622686750187e-01,1.506604802914579988e+00,1.656850983879029959e+00
3.200000000000000178e+00,8.803532768026531841e-01,1.519055411014660129e+00,1.653358777303644667e+00
3.250000000000000000e+00,8.793226149293423832e-01,1.531510455002537796e+00,1.651266222308148901e+00
3.300000000000000266e+00,8.783179885373494367e-01,1.543967995738318555e+00,1.649209704337802895e+00
3.350000000000000089e+00,8.773389570803635795e-01,1.556427911229034899e+00,1.647347967991198425e+00
3.400000000000000355e+00,8.763832110683200671e-01,1.568888497675354987e+00,1.644117094199557982e+00
3.450000000000000178e+00,8.754676797680231992e-01,1.581352771197350071e+00,1.642121564501247910e+00
3.500000000000000000e+00,8.745769993060492631e-01,1.593819179932014496e+00,1.640172336603194392e+00
3.550000000000000266e+00,8.737105994523385322e-01,1.606287602472396880e+00,1.638406259647020580e+00
3.600000000000000089e+00,8.728662815644284700e-01,1.618756643220044200e+00,1.635465245929727640e+00
3.650000000000000355e+00,8.720586027371144411e-01,1.631228671532523489e+00,1.633608390175096403e+00
3.700000000000000178e+00,8.712740659449569325e-01,1.643702465891696551e+00,1.631802462962100186e+00
3.750000000000000000e+00,8.705120413709392935e-01,1.656177915617723650e+00,1.630165250245983577e+00
3.800000000000000266e+00,8.697704839272336619e-01,1.668653903856375464e+00,1.627520655460432453e+00
3.850000000000000089e+00,8.690618970562433709e-01,1.681132265960330718e+00,1.625823163332001942e+00
3.900000000000000355e+00,8.683744798878044735e-01,1.693612053084661007e+00,1.624177512019577385e+00
3.950000000000000178e+00,8.677075895246337822e-01,1.706093169679927080e+00,1.622684944249060957e+00
4.000000000000000000e+00,8.670593563440668339e-01,1.718574737585074175e+00,1.620329304045839747e+00
4.049999999999999822e+00,8.664405089171697272e-01,1.731058162993567739e+00,1.618797921067242074e+00
4.100000000000000533e+00,8.658407697335908093e-01,1.743542716717252805e+00,1.617316927398984916e+00
4.150000000000000355e+00,8.652595126308104678e-01,1.756028319275847238e+00,1.615973248115513350e+00
4.200000000000000178e+00,8.646950508665538493e-01,1.768514289589163457e+00,1.613890602317202827e+00
4.250000000000000000e+00,8.641565817732693722e-01,1.781001695681771801e+00,1.612523071182115242e+00
4.299999999999999822e+00,8.636351835991677994e-01,1.793489982051078568e+00,1.611203053002598251e+00
4.350000000000000533e+00,8.631302650386691866e-01,1.805979084332844931e+00,1.610005109153089808e+00
4.400000000000000355e+00,8.626403199473787753e-01,1.818468480004762355e+00,1.608174797654825960e+00
4.450000000000000178e+00,8.621732268072803684e-01,1.830958974560043195e+00,1.606963307037039712e+00
4.500000000000000000e+00,8.617212617082541382e-01,1.843450147846547260e+00,1.605795672344476177e+00
4.549999999999999822e+00,8.612838782446824437e-01,1.855941948780297723e+00,1.604735798500772859e+00
4.600000000000000533e+00,8.608597424407837817e-01,1.868433979970064662e+00,1.603135023594568942e+00
4.650000000000000355e+00,8.604555985590736089e-01,1.880926845437183248e+00,1.602068586711329345e+00
4.700000000000000178e+00,8.600647748010791238e-01,1.893420229290722956e+00,1.601042002291740651e+00
4.750000000000000000e+00,8.596867742234768350e-01,1.905914091612416872e+00,1.600110004669458519e+00
4.800000000000000711e+00,8.593204229987475573e-01,1.918408132315688963e+00,1.598715520108429766e+00
4.850000000000000533e+00,8.589714912278557657e-01,1.930902802212705272e+00,1.597781589492765830e+00
4.900000000000000355e+00,8.586342268069167005e-01,1.943397864978166689e+00,1.596883447134649137e+00
4.950000000000000178e+00,8.583081831908890846e-01,1.955893289799031765e+00,1.596067945808721467e+00
5.000000000000000000e+00,8.579923328764955670e-01,1.968388851385021843e+00,1.594857132598663352e+00
5.050000000000000711e+00,8.576916102070771819e-01,1.980884884890159681e+00,1.594042673020418466e+00
5.100000000000000533e+00,8.574010638700367837e-01,1.993381214247550881e+00,1.593260058155271608e+00
5.150000000000000355e+00,8.571202963390011087e-01,2.005877815904915984e+00,1.592549374532759909e+00
5.200000000000000178e+00,8.568484120186495856e-01,2.018374521538978783e+00,1.591500890381531086e+00
5.250000000000000000e+00,8.565896289078913650e-01,2.030871579510166836e+00,1.590793070221424799e+00
5.300000000000000711e+00,8.563396906992206681e-01,2.043368859102614010e+00,1.590113380849777824e+00
5.350000000000000533e+00,8.560982461054044146e-01,2.055866342456668328e+00,1.589496105440305174e+00
5.400000000000000355e+00,8.558645172208407814e-01,2.068363904314869384e+00,1.588590241689382676e+00
5.450000000000000178e+00,8.556421085321247455e-01,2.080861728221164775e+00,1.587976858169842354e+00
5.500000000000000000e+00,8.554273653076153172e-01,2.093359717414551291e+00,1.587388180430643780e+00
5.550000000000000711e+00,8.552199789502146210e-01,2.105857858440118857e+00,1.586853518065423296e+00
5.600000000000000533e+00,8.550192757132945021e-01,2.118356058399902597e+00,1.586072359405550136e+00
5.650000000000000355e+00,8.548283349827954236e-01,2.130854452627728435e+00,1.585542080421580735e+00
5.700000000000000178e+00,8.546440215706520016e-01,2.143352969675317077e+00,1.585033396986032850e+00
5.750000000000000000e+00,8.544660656774032415e-01,2.155851599460576029e+00,1.584571359083478681e+00
5.800000000000000711e+00,8.542938851513478538e-01,2.168350273278943696e+00,1.583898813483221035e+00
5.850000000000000533e+00,8.541301101899987369e-01,2.180849090725327954e+00,1.583441295065231014e+00
5.900000000000000355e+00,8.539720534652497363e-01,2.193347999153455241e+00,1.583002580638493750e+00
5.950000000000000178e+00,8.538194800199506718e-01,2.205846991042281768e+00,1.582604074118491022e+00
6.000000000000000000e+00,8.536718878356891471e-01,2.218346015700407126e+00,1.582025820287915829e+00
6.050000000000000711e+00,8.535315230298010647e-01,2.230845146302664617e+00,1.581631741554963666e+00
6.100000000000000533e+00,8.533960837367008390e-01,2.243344344126299017e+00,1.581253983918600392e+00
6.150000000000000355e+00,8.532653660017713859e-01,2.255843603581678014e+00,1.580910831891927160e+00
6.200000000000000178e+00,8.531389376210881670e-01,2.268342887342750469e+00,1.580414217152268375e+00
6.250000000000000000e+00,8.530187164231848307e-01,2.280842249098856467e+00,1.580075262211794396e+00
6.300000000000000711e+00,8.529027318641404509e-01,2.293341660411678973e+00,1.579750435800921116e+00
6.350000000000000533e+00,8.527908073748411422e-01,2.305841117140007945e+00,1.579455354712393289e+00
6.400000000000000355e+00,8.526825713692615105e-01,2.318340591845872378e+00,1.579029265801524140e+00
6.450000000000000178e+00,8.525796611593083885e-01,2.330840123875804526e+00,1.578738073125858898e+00
6.500000000000000000e+00,8.524803906700193501e-01,2.343339692371519067e+00,1.578459083909613314e+00
6.550000000000000711e+00,8.523846073818809321e-01,2.355839294272989104e+00,1.578205634299762350e+00
6.600000000000000533e+00,8.522919921946191524e-01,2.368338909439930084e+00,1.577840356283037426e+00
6.650000000000000355e+00,8.522039427841417991e-01,2.380838566679000845e+00,1.577590449696145258e+00
6.700000000000000178e+00,8.521190170878886194e-01,2.393338250708445525e+00,1.577351064241288681e+00
6.750000000000000000e+00,8.520370836066809561e-01,2.405837959272178583e+00,1.577133586911189100e+00
6.800000000000000711e+00,8.519578685797761786e-01,2.418337677604755154e+00,1.576820660162987053e+00
6.850000000000000533e+00,8.518825650127469507e-01,2.430837426778448940e+00,1.576606371009696028e+00
6.900000000000000355e+00,8.518099399859807574e-01,2.443337195607689694e+00,1.576401138413471958e+00
6.950000000000000178e+00,8.517398803019389231e-01,2.455836982432255677e+00,1.576214683945140305e+00
7.000000000000000000e+00,8.516721512908980163e-01,2.468336776438458280e+00,1.575946765516803572e+00
7.050000000000000711e+00,8.516077711822380714e-01,2.480836593029682291e+00,1.575763152354620278e+00
7.100000000000000533e+00,8.515456861916242959e-01,2.493336424025182740e+00,1.575587324765842956e+00
7.150000000000000355e+00,8.514857990053099623e-01,2.505836268205180684e+00,1.575427581638658037e+00
7.200000000000000178e+00,8.514279086031006916e-01,2.518336117657165918e+00,1.575198314795697385e+00
7.250000000000000000e+00,8.513728839876465448e-01,2.530835983633742181e+00,1.575041084676545244e+00
7.300000000000000711e+00,8.513198247195855606e-01,2.543335860155916617e+00,1.574890540041499865e+00
7.350000000000000533e+00,8.512686472340799115e-01,2.555835746328725122e+00,1.574753764681252832e+00
7.400000000000000355e+00,8.512191794374237563e-01,2.568335636366887886e+00,1.574557658658562564e+00
7.450000000000000178e+00,8.511721629355648577e-01,2.580835538486415892e+00,1.574423092485107700e+00
7.500000000000000000e+00,8.511268284926815086e-01,2.593335448320068792e+00,1.574294261708305109e+00
7.550000000000000711e+00,8.510831044186411010e-01,2.605835365211964127e+00,1.574177212482519073e+00
7.600000000000000533e+00,8.510408434579335157e-01,2.618335284934907303e+00,1.574009533340360090e+00
7.650000000000000355e+00,8.510006784674678526e-01,2.630835213485058333e+00,1.573894416693200071e+00
7.700000000000000178e+00,8.509619524237277410e-01,2.643335147674062302e+00,1.573784216411441728e+00
7.750000000000000000e+00,8.509246038736004714e-01,2.655835087021724661e+00,1.573684092677298585e+00
7.800000000000000711e+00,8.508885068688977205e-01,2.668335028441029877e+00,1.573540765376243211e+00
7.850000000000000533e+00,8.508542014435823697e-01,2.680834976306372575e+00,1.573442325472052206e+00
7.900000000000000355e+00,8.508211265099770992e-01,2.693334928291063690e+00,1.573348096972460475e+00
7.950000000000000178e+00,8.507892294264333133e-01,2.705834884043832211e+00,1.573262483672260403e+00
8.000000000000000000e+00,8.507584025083554380e-01,2.718334841311379257e+00,1.573140005002036101e+00
8.050000000000000711e+00,8.507291065662511143e-01,2.730834803283914702e+00,1.573055853955989125e+00
8.099999999999999645e+00,8.507008625077991937e-01,2.743334768264176216e+00,1.572975308329776611e+00
8.150000000000000355e+00,8.506736252658191333e-01,2.755834735995388307e+00,1.572902126226666031e+00
8.200000000000001066e+00,8.506473027996347414e-01,2.768334704833474991e+00,1.572797487935604144e+00
8.250000000000000000e+00,8.506222883074748831e-01,2.780834677104371266e+00,1.572725572189870968e+00
8.300000000000000711e+00,8.505981727593797670e-01,2.793334651570360094e+00,1.572656741535263913e+00
8.349999999999999645e+00,8.505749175920643834e-01,2.805834628043856416e+00,1.572594202926557161e+00
8.400000000000000355e+00,8.505524441570490035e-01,2.818334605325710562e+00,1.572504824243517785e+00
8.450000000000001066e+00,8.505310879526981616e-01,2.830834585111316581e+00,1.572443379834004284e+00
8.500000000000000000e+00,8.505104998017488649e-01,2.843334566498323390e+00,1.572384574154794601e+00
8.550000000000000711e+00,8.504906467202929532e-01,2.855834549349765439e+00,1.572331143746693138e+00
8.599999999999999645e+00,8.504714615187450866e-01,2.868334532791272373e+00,1.572254812422059445e+00
8.650000000000000355e+00,8.504532304569663026e-01,2.880834518058374538e+00,1.572202325649714405e+00
8.700000000000001066e+00,8.504356554787725342e-01,2.893334504493372261e+00,1.572152095005251438e+00
8.750000000000000000e+00,8.504187083827027260e-01,2.905834491996304170e+00,1.572106455549044268e+00
8.800000000000000711e+00,8.504023317797148040e-01,2.918334479929779679e+00,1.572041276534716925e+00
8.849999999999999645e+00,8.503867699132927616e-01,2.930834469194039560e+00,1.571996449558442865e+00
8.900000000000000355e+00,8.503717683834085550e-01,2.943334459309799644e+00,1.571953550981519676e+00
8.950000000000001066e+00,8.503573030851558912e-01,2.955834450204134267e+00,1.571914573234605594e+00
9.000000000000000000e+00,8.503433250086642747e-01,2.968334441412506131e+00,1.571858924153210602e+00
9.050000000000000711e+00,8.503300425449975553e-01,2.980834433590754617e+00,1.571820645009476936e+00
9.099999999999999645e+00,8.503172385702133518e-01,2.993334426389672398e+00,1.571784013702860694e+00
9.150000000000000355e+00,8.503048924864010649e-01,3.005834419756074460e+00,1.571750730272027274e+00
9.200000000000001066e+00,8.502929624454271806e-01,3.018334413351464907e+00,1.571703222877777417e+00
9.250000000000000000e+00,8.502816262464507613e-01,3.030834407653570040e+00,1.571670539443939196e+00
9.300000000000000711e+00,8.502706985901397063e-01,3.043334402407994688e+00,1.571639263781883900e+00
9.349999999999999645e+00,8.502601618793799165e-01,3.055834397575961869e+00,1.571610846419912555e+00
9.400000000000000355e+00,8.502499803856153893e-01,3.068334392910858632e+00,1.571570293317467559e+00
9.450000000000001066e+00,8.502403058053635831e-01,3.080834388760631093e+00,1.571542390762151298e+00
9.500000000000000000e+00,8.502309800068931223e-01,3.093334384939977255e+00,1.571515690651523078e+00
9.550000000000000711e+00,8.502219879596658592e-01,3.105834381420632173e+00,1.571491430603511485e+00
9.600000000000001421e+00,8.502132991630205749e-01,3.118334378022949327e+00,1.571456816559898106e+00
9.650000000000000355e+00,8.502050430417539273e-01,3.130834375000326908e+00,1.571432997858190239e+00
9.700000000000001066e+00,8.501970846541589966e-01,3.143334372217804873e+00,1.571410206048986735e+00
9.750000000000000000e+00,8.501894111640923013e-01,3.155834369654784588e+00,1.571389497076431052e+00
9.800000000000000711e+00,8.501819965361712139e-01,3.168334367180417832e+00,1.571359954330120656e+00
9.850000000000001421e+00,8.501749511924755476e-01,3.180834364979230777e+00,1.571339623459335977e+00
9.900000000000000355e+00,8.501681599846027115e-01,3.193334362952938488e+00,1.571320169432433245e+00
9.950000000000001066e+00,8.501616119520122306e-01,3.205834361086532081e+00,1.571302493177480830e+00
1.000000000000000000e+01,8.501552848726016132e-01,3.218334359284715340e+00,1.571277280215253702e+00
1.005000000000000071e+01,8.501492729551545224e-01,3.230834357681852342e+00,1.571259927685914048e+00
1.010000000000000142e+01,8.501434779442856859e-01,3.243334356206371893e+00,1.571243323784256907e+00
1.015000000000000036e+01,8.501378904821540461e-01,3.255834354847340073e+00,1.571228237171267361e+00
1.020000000000000107e+01,8.501324916026803402e-01,3.268334353535359948e+00,1.571206720505848198e+00
1.025000000000000000e+01,8.501273616814843948e-01,3.280834352368262596e+00,1.571191910920331836e+00
1.030000000000000071e+01,8.501224168800834979e-01,3.293334351293934148e+00,1.571177740426878522e+00
1.035000000000000142e+01,8.501176492098299065e-01,3.305834350304409863e+00,1.571164864832014674e+00
1.040000000000000036e+01,8.501130424845093625e-01,3.318334349349156831e+00,1.571146503370771885e+00
1.045000000000000107e+01,8.501086652774295649e-01,3.330834348499402964e+00,1.571133864737811470e+00
1.050000000000000000e+01,8.501044460532468650e-01,3.343334347717204391e+00,1.571121771638360531e+00
1.055000000000000071e+01,8.501003779927943649e-01,3.355834346996759976e+00,1.571110783589494186e+00
1.060000000000000142e+01,8.500964472829510843e-01,3.368334346301275151e+00,1.571095115236395667e+00
1.065000000000000036e+01,8.500927124275060587e-01,3.380834345682607101e+00,1.571084329802592050e+00
1.070000000000000107e+01,8.500891123899743107e-01,3.393334345113129480e+00,1.571074010003669530e+00
1.075000000000000000e+01,8.500856413499210396e-01,3.405834344588618112e+00,1.571064633201944671e+00
1.080000000000000071e+01,8.500822875198883466e-01,3.418334344082282872e+00,1.571051263381443297e+00
1.085000000000000142e+01,8.500791008126022952e-01,3.430834343631876671e+00,1.571042059770958454e+00
1.090000000000000036e+01,8.500760291504415589e-01,3.443334343217286708e+00,1.571033253571989530e+00
1.095000000000000107e+01,8.500730675657629520e-01,3.455834342835436779e+00,1.571025252052730581e+00
1.100000000000000000e+01,8.500702060000744353e-01,3.468334342466822484e+00,1.571013843885533001e+00
1.105000000000000071e+01,8.500674870364699487e-01,3.480834342138927173e+00,1.571005990366073801e+00
1.110000000000000142e+01,8.500648662418550661e-01,3.493334341837108781e+00,1.570998476011103762e+00
1.115000000000000036e+01,8.500623393766743030e-01,3.505834341559127321e+00,1.570991648285389619e+00
1.120000000000000107e+01,8.500598978580644616e-01,3.518334341290783041e+00,1.570981914182460804e+00
1.125000000000000000e+01,8.500575780157375583e-01,3.530834341052083047e+00,1.570975212899639928e+00
1.130000000000000071e+01,8.500553419394437649e-01,3.543334340832368312e+00,1.570968801057001318e+00
1.135000000000000142e+01,8.500531860111809612e-01,3.555834340630007251e+00,1.570962975096221736e+00
1.140000000000000036e+01,8.500511029074276914e-01,3.568334340434663243e+00,1.570954669569299966e+00
1.145000000000000107e+01,8.500491236227586400e-01,3.580834340260899751e+00,1.570948951612658906e+00
1.150000000000000000e+01,8.500472158125461641e-01,3.593334340100957647e+00,1.570943480651394886e+00
1.155000000000000071e+01,8.500453763893482950e-01,3.605834339953649437e+00,1.570938509595629196e+00
1.160000000000000142e+01,8.500435991043473472e-01,3.618334339811450029e+00,1.570931423110405012e+00
1.165000000000000036e+01,8.500419104004103277e-01,3.630834339684960721e+00,1.570926544292986948e+00
1.170000000000000107e+01,8.500402826816901847e-01,3.643334339568533142e+00,1.570921876242747928e+00
1.175000000000000000e+01,8.500387133135972606e-01,3.655834339461302651e+00,1.570917634730073509e+00
1.180000000000000071e+01,8.500371969644127113e-01,3.668334339357791407e+00,1.570911588452428065e+00
1.185000000000000142e+01,8.500357561936977557e-01,3.680834339265716348e+00,1.570907425702063209e+00
1.190000000000000036e+01,8.500343674573618280e-01,3.693334339180966097e+00,1.570903442798837091e+00
1.195000000000000107e+01,8.500330285073157688e-01,3.705834339102910935e+00,1.570899823826870989e+00
1.200000000000000000e+01,8.500317347944192914e-01,3.718334339027563384e+00,1.570894665133603540e+00
1.205000000000000071e+01,8.500305055651881103e-01,3.730834338960540730e+00,1.570891113408234618e+00
1.210000000000000142e+01,8.500293207325236855e-01,3.743334338898850255e+00,1.570887715141876084e+00
1.215000000000000036e+01,8.500281783781884481e-01,3.755834338842033215e+00,1.570884627385216614e+00
1.220000000000000107e+01,8.500270746208113959e-01,3.768334338787187487e+00,1.570880226028879889e+00
1.225000000000000000e+01,8.500260258803882252e-01,3.780834338738401357e+00,1.570877195680554061e+00
1.230000000000000071e+01,8.500250150193189302e-01,3.793334338693496566e+00,1.570874296271889348e+00
1.235000000000000142e+01,8.500240404008577721e-01,3.805834338652139603e+00,1.570871661789842388e+00
1.240000000000000036e+01,8.500230987134221872e-01,3.818334338612217493e+00,1.570867906623011567e+00
1.245000000000000107e+01,8.500222039655717099e-01,3.830834338576706521e+00,1.570865321145810567e+00
1.250000000000000000e+01,8.500213415361861369e-01,3.843334338544020845e+00,1.570862847391305328e+00
1.255000000000000071e+01,8.500205100287318016e-01,3.855834338513917547e+00,1.570860599669562596e+00
1.260000000000000142e+01,8.500197066177992422e-01,3.868334338484858748e+00,1.570857395847394367e+00
1.265000000000000036e+01,8.500189432546436663e-01,3.880834338459010713e+00,1.570855189953769271e+00
1.270000000000000107e+01,8.500182074651583264e-01,3.893334338435219255e+00,1.570853079384567863e+00
1.275000000000000000e+01,8.500174980577879236e-01,3.905834338413307627e+00,1.570851161662512485e+00
1.280000000000000071e+01,8.500168126219431741e-01,3.918334338392156280e+00,1.570848428254099982e+00
1.285000000000000142e+01,8.500161613537035032e-01,3.930834338373342174e+00,1.570846546232005592e+00
1.290000000000000036e+01,8.500155336107400039e-01,3.943334338356025093e+00,1.570844745541752463e+00
1.295000000000000107e+01,8.500149283764045771e-01,3.955834338340076251e+00,1.570843109383971647e+00
1.300000000000000000e+01,8.500143435940414882e-01,3.968334338324680743e+00,1.570840777333001981e+00
1.305000000000000071e+01,8.500137879623154147e-01,3.980834338310986542e+00,1.570839171643050536e+00
1.310000000000000142e+01,8.500132524017136593e-01,3.993334338298381692e+00,1.570837635345441630e+00
1.315000000000000036e+01,8.500127360448320735e-01,4.005834338286772933e+00,1.570836239421969038e+00
1.320000000000000107e+01,8.500122371369938090e-01,4.018334338275566964e+00,1.570834249805787675e+00
1.325000000000000000e+01,8.500117630993577755e-01,4.030834338265599115e+00,1.570832879883507394e+00
1.330000000000000071e+01,8.500113061857502705e-01,4.043334338256424410e+00,1.570831569166146524e+00
1.335000000000000142e+01,8.500108656561097265e-01,4.055834338247974458e+00,1.570830378211063971e+00
1.340000000000000036e+01,8.500104400134077531e-01,4.068334338239817605e+00,1.570828680754612572e+00
1.345000000000000107e+01,8.500100355889114168e-01,4.080834338232562253e+00,1.570827511987935576e+00
1.350000000000000000e+01,8.500096457739985123e-01,4.093334338225884217e+00,1.570826393733891102e+00
1.355000000000000071e+01,8.500092699372611138e-01,4.105834338219733759e+00,1.570825377656302591e+00
1.360000000000000142e+01,8.500089068014936577e-01,4.118334338213797352e+00,1.570823929463714963e+00
1.365000000000000036e+01,8.500085617681334416e-01,4.130834338208516421e+00,1.570822932320140142e+00
1.370000000000000107e+01,8.500082291990679328e-01,4.143334338203655598e+00,1.570821978272741948e+00
1.375000000000000000e+01,8.500079085555949376e-01,4.155834338199179356e+00,1.570821111397895153e+00
1.380000000000000071e+01,8.500075987480575357e-01,4.168334338194858546e+00,1.570819875869944093e+00
1.385000000000000142e+01,8.500073043846194665e-01,4.180834338191014687e+00,1.570819025151524606e+00
1.390000000000000036e+01,8.500070206551616492e-01,4.193334338187477250e+00,1.570818211201485459e+00
1.395000000000000107e+01,8.500067471000792851e-01,4.205834338184218701e+00,1.570817471623038974e+00
1.400000000000000000e+01,8.500064827897275688e-01,4.218334338181073839e+00,1.570816417533252185e+00
1.405000000000000071e+01,8.500062316554981567e-01,4.230834338178276255e+00,1.570815691740732989e+00
1.410000000000000142e+01,8.500059895936752374e-01,4.243334338175701603e+00,1.570814997317721007e+00
1.415000000000000036e+01,8.500057562121399179e-01,4.255834338173330345e+00,1.570814366344914115e+00
1.420000000000000107e+01,8.500055307177647457e-01,4.268334338171040798e+00,1.570813467051145329e+00
1.425000000000000000e+01,8.500053164645616777e-01,4.280834338169004383e+00,1.570812847841291049e+00
1.430000000000000071e+01,8.500051099514817077e-01,4.293334338167130504e+00,1.570812255394676837e+00
1.435000000000000142e+01,8.500049108439844403e-01,4.305834338165404063e+00,1.570811717080527137e+00
1.440000000000000036e+01,8.500047184654140331e-01,4.318334338163738018e+00,1.570810949852146754e+00
1.445000000000000107e+01,8.500045356771984695e-01,4.330834338162255825e+00,1.570810421574625915e+00
1.450000000000000000e+01,8.500043594924518997e-01,4.343334338160891761e+00,1.570809916130358364e+00
1.455000000000000071e+01,8.500041896257586327e-01,4.355834338159635166e+00,1.570809456869028287e+00
1.460000000000000142e+01,8.500040254998320055e-01,4.368334338158422092e+00,1.570808802312802843e+00
1.465000000000000036e+01,8.500038695558581603e-01,4.380834338157343133e+00,1.570808351614982445e+00
1.470000000000000107e+01,8.500037192456071367e-01,4.393334338156350327e+00,1.570807920397445434e+00
1.475000000000000000e+01,8.500035743255752729e-01,4.405834338155435681e+00,1.570807528580653534e+00
1.480000000000000071e+01,8.500034377226735050e-01,4.418029081451910756e+00,1.516552104884173913e+00
1.485000000000000142e+01,8.506547705757101507e-01,4.430024716558694564e+00,1.474534335301255439e+00
1.490000000000000036e+01,8.517846175353651628e-01,4.441725647777909458e+00,1.423137878419919122e+00
1.495000000000000107e+01,8.535391474827235259e-01,4.453521518887582964e+00,1.390208878011625071e+00
1.500000000000000000e+01,8.556277461592063371e-01,4.464961100294024376e+00,1.334709726973200006e+00
1.505000000000000071e+01,8.583942668828989930e-01,4.476460819624411336e+00,1.299067754975956834e+00
1.510000000000000142e+01,8.614958897200891696e-01,4.487592909329101154e+00,1.242779127419277208e+00
1.515000000000000036e+01,8.652865932054724096e-01,4.498731850373132168e+00,1.205351604582924674e+00
1.520000000000000107e+01,8.695329085274027259e-01,4.509829504233738184e+00,1.169328280697469635e+00
1.525000000000000000e+01,8.740879282284932383e-01,4.520559195713295786e+00,1.116692134231673572e+00
1.530000000000000071e+01,8.792825094708309752e-01,4.531201059395350228e+00,1.081179759844896893e+00
1.535000000000000142e+01,8.849006575471156655e-01,4.541743737441752415e+00,1.047087416177899799e+00
1.540000000000000036e+01,8.907815807229791938e-01,4.551927204889532952e+00,9.981939428236011880e-01
1.545000000000000107e+01,8.972406308198669356e-01,4.561946731349884487e+00,9.648417089370936450e-01
1.550000000000000000e+01,9.040825562092132950e-01,4.571820860564662858e+00,9.328893767889632205e-01
1.555000000000000071e+01,9.111476534417317641e-01,4.581351603288532637e+00,8.879987631022084882e-01
1.560000000000000142e+01,9.187200624811976413e-01,4.590662336885541706e+00,8.570090191247768940e-01
1.565000000000000036e+01,9.266293777351519712e-01,4.599794066197911313e+00,8.273904452884067728e-01
1.570000000000000107e+01,9.347272864832706363e-01,4.608602320906623362e+00,7.866175823703777104e-01
1.575000000000000000e+01,9.432584842954824245e-01,4.617154350340583413e+00,7.581374097265610734e-01
1.580000000000000071e+01,9.520786568436649944e-01,4.625506282379096668e+00,7.309835085871654314e-01
1.585000000000000142e+01,9.611662157224760694e-01,4.633655007989980312e+00,7.063229802708695937e-01
1.590000000000000036e+01,9.703840171674245063e-01,4.641519223376563197e+00,6.715711679502476272e-01
1.595000000000000107e+01,9.799342034035458671e-01,4.649109851802010418e+00,6.475212536745189595e-01
1.600000000000000000e+01,9.897023840688503604e-01,4.656497531791963240e+00,6.245422282510838530e-01
1.605000000000000071e+01,9.996718579756160850e-01,4.663683415037583657e+00,6.036690776212937370e-01
1.610000000000000142e+01,1.009733542875157042e+00,4.670621316558815295e+00,5.739445017947883976e-01
1.615000000000000213e+01,1.020047521227903209e+00,4.677289796057927163e+00,5.534832454071980656e-01
1.619999999999999929e+01,1.030525228587976239e+00,4.683764056096570982e+00,5.339076300242054929e-01
1.625000000000000000e+01,1.041153872390465640e+00,4.690047478604146391e+00,5.161227742125673590e-01
1.630000000000000071e+01,1.051848603425801887e+00,4.696115935537505948e+00,4.906436027108685982e-01
1.635000000000000142e+01,1.062733357547003266e+00,4.701930735986495691e+00,4.731560965338984515e-01
1.640000000000000213e+01,1.073740605069055665e+00,4.707565816531666947e+00,4.564125497105211982e-01
1.644999999999999929e+01,1.084807206963997572e+00,4.712999392097513507e+00,4.333870752660128889e-01
1.650000000000000000e+01,1.096029245844514888e+00,4.718192131438837755e+00,4.172739662207380906e-01
1.655000000000000071e+01,1.107353197680462920e+00,4.723212116688686457e+00,4.019104744841968113e-01
1.660000000000000142e+01,1.118770300791255501e+00,4.728064922361222777e+00,3.879520626829500163e-01
1.665000000000000213e+01,1.130228495507429542e+00,4.732747462084442525e+00,3.684566394658579380e-01
1.669999999999999929e+01,1.141800217099502524e+00,4.737215172823852072e+00,3.548862129808076360e-01
1.675000000000000000e+01,1.153445828153544017e+00,4.741530753447987578e+00,3.419328905758455828e-01
1.680000000000000071e+01,1.165158986106207273e+00,4.745699620057174606e+00,3.301642357240274217e-01
1.685000000000000142e+01,1.176901243562564314e+00,4.749723790114051880e+00,3.136253298200992190e-01
1.690000000000000213e+01,1.188726324220284569e+00,4.753559012539749773e+00,3.021515330895830909e-01
1.694999999999999929e+01,1.200605054997985865e+00,4.757261556311769723e+00,2.911917374143004889e-01
1.700000000000000000e+01,1.212532832929525961e+00,4.760836443884596925e+00,2.812341793345618512e-01
1.705000000000000071e+01,1.224481371937690355e+00,4.764288269641614448e+00,2.671775211312648057e-01
1.710000000000000142e+01,1.236490320039415725e+00,4.767575380925764605e+00,2.574495300965018996e-01
1.715000000000000213e+01,1.248538265144103931e+00,4.770747513636067083e+00,2.481525514729152337e-01
1.719999999999999929e+01,1.260621863213854610e+00,4.773809194639949460e+00,2.397056868559287734e-01
1.725000000000000000e+01,1.272720358209419533e+00,4.776766124728874630e+00,2.277430320807168895e-01
1.730000000000000071e+01,1.284862907618454120e+00,4.779580329503560598e+00,2.194786970640240087e-01
1.735000000000000142e+01,1.297033826307706583e+00,4.782295322067873222e+00,2.115776004423548240e-01
1.740000000000000213e+01,1.309230682550652114e+00,4.784915112517784230e+00,2.043989363514312207e-01
1.744999999999999929e+01,1.321438273953078113e+00,4.787445671103678357e+00,1.942089007868265105e-01
1.750000000000000000e+01,1.333677989119611773e+00,4.789853075884848543e+00,1.871779344513046506e-01
1.755000000000000071e+01,1.345938354308562568e+00,4.792175127408588864e+00,1.804542202109704896e-01
1.760000000000000142e+01,1.358217599897322048e+00,4.794415338590210851e+00,1.743452552038686210e-01
1.765000000000000213e+01,1.370504606113500223e+00,4.796579491781218785e+00,1.656595381621188134e-01
1.769999999999999929e+01,1.382815033913720182e+00,4.798637693905278390e+00,1.596717816303053761e-01
1.775000000000000000e+01,1.395140498905196758e+00,4.800622620217750658e+00,1.539446182666833474e-01
1.780000000000000071e+01,1.407479712599053023e+00,4.802537325207242525e+00,1.487410672597479500e-01
1.785000000000000142e+01,1.419824549528248880e+00,4.804387171532103373e+00,1.413342632967708734e-01
1.790000000000000213e+01,1.432186461387059406e+00,4.806146060350741323e+00,1.362312786252723729e-01
1.794999999999999929e+01,1.444559326052238024e+00,4.807842137002921845e+00,1.313497413740482567e-01
1.800000000000000000e+01,1.456942205012070168e+00,4.809478043756360677e+00,1.269144873240209692e-01
1.805000000000000071e+01,1.469329165232797330e+00,4.811058623874929552e+00,1.205963451520662560e-01
1.810000000000000142e+01,1.481728572157352763e+00,4.812561238519168505e+00,1.162452267256476462e-01
1.815000000000000213e+01,1.494135958141776133e+00,4.814010069798809965e+00,1.120825501528409235e-01
1.819999999999999929e+01,1.506550639433341443e+00,4.815407395142604408e+00,1.083004237663279662e-01
1.825000000000000000e+01,1.518968286320891536e+00,4.816757514202043566e+00,1.029098194226413659e-01
1.830000000000000071e+01,1.531395005216154015e+00,4.818040879264456677e+00,9.919851730963008540e-02
1.835000000000000142e+01,1.543827537293814389e+00,4.819278229328882723e+00,9.564772725208477155e-02
1.840000000000000213e+01,1.556265384340491886e+00,4.820471522294146105e+00,9.242153916321478591e-02
1.844999999999999929e+01,1.568705388069488560e+00,4.821624531358506438e+00,8.782168411730341406e-02
1.850000000000000000e+01,1.581152003419140861e+00,4.822720432964312742e+00,8.465538284556856086e-02
1.855000000000000071e+01,1.593602854128885360e+00,4.823776989654346536e+00,8.162589672971806709e-02
1.860000000000000142e+01,1.606057577155896698e+00,4.824795881482140558e+00,7.887334917387449351e-02
1.865000000000000213e+01,1.618513869483812373e+00,4.825780393374738075e+00,7.494791338187338503e-02
1.869999999999999929e+01,1.630974979853198947e+00,4.826716080228633743e+00,7.224616704463207584e-02
1.875000000000000000e+01,1.643439176013403280e+00,4.827618140610207220e+00,6.966109238367604317e-02
1.880000000000000071e+01,1.655906193415811023e+00,4.828488014185799315e+00,6.731232504601909750e-02
1.885000000000000142e+01,1.668374353151279355e+00,4.829328544857494521e+00,6.396225623813144023e-02
1.890000000000000213e+01,1.680846023591980209e+00,4.830127350685375909e+00,6.165668049316574972e-02
1.894999999999999929e+01,1.693319942223871166e+00,4.830897427175490755e+00,5.945063059800385213e-02
1.900000000000000000e+01,1.705795916274667201e+00,4.831640006758526340e+00,5.744623629055539693e-02
1.905000000000000071e+01,1.718272722068830971e+00,4.832357541771306941e+00,5.458712205071186707e-02
1.910000000000000142e+01,1.730752085758635817e+00,4.833039431742838232e+00,5.261950718605890032e-02
1.915000000000000213e+01,1.743233087340214649e+00,4.833696782701125017e+00,5.073681020352293486e-02
1.920000000000000284e+01,1.755715586349009705e+00,4.834330648882057879e+00,4.902620784397838244e-02
1.925000000000000000e+01,1.768198691056099170e+00,4.834943138967354059e+00,4.658606981099701339e-02
1.930000000000000071e+01,1.780683659305920319e+00,4.835525185695375150e+00,4.490682009978107930e-02
1.935000000000000142e+01,1.793169820772966494e+00,4.836086276722424415e+00,4.330003442920515866e-02
1.940000000000000213e+01,1.805657073112084898e+00,4.836627313349497470e+00,4.184012033922750173e-02
1.945000000000000284e+01,1.818144766580754412e+00,4.837150105048222848e+00,3.975755844332735239e-02
1.950000000000000000e+01,1.830633817635401561e+00,4.837646901008756828e+00,3.832438987677653369e-02
1.955000000000000071e+01,1.843123737920757899e+00,4.838125804070635638e+00,3.695306327788855372e-02
1.960000000000000142e+01,1.855614452870279374e+00,4.838587584461175872e+00,3.570708385601698009e-02
1.965000000000000213e+01,1.868105489111717255e+00,4.839033792593656180e+00,3.392970805447002858e-02
1.970000000000000284e+01,1.880597514293254058e+00,4.839457806085220248e+00,3.270655443828597575e-02
1.975000000000000000e+01,1.893090172661600068e+00,4.839866543651358377e+00,3.153618037662198059e-02
1.980000000000000071e+01,1.905583409892156688e+00,4.840260663297504706e+00,3.047278394710871072e-02
1.985000000000000142e+01,1.918076881138148115e+00,4.840641492032821347e+00,2.895588464496252901e-02
1.990000000000000213e+01,1.930571072745250083e+00,4.841003373548421251e+00,2.791197422126549810e-02
1.995000000000000284e+01,1.943065725575009672e+00,4.841352214572306245e+00,2.691311010110161023e-02
2.000000000000000000e+01,1.955560800052015047e+00,4.841688577102213564e+00,2.600554582694741129e-02
2.005000000000000071e+01,1.968056044976989716e+00,4.842013596038879264e+00,2.471096407165102038e-02
2.010000000000000142e+01,1.980551814601738458e+00,4.842322441419280921e+00,2.382003732028087697e-02
2.015000000000000213e+01,1.993047920174852994e+00,4.842620155429585793e+00,2.296755704408656382e-02
2.020000000000000284e+01,2.005544332867166712e+00,4.842907217978713597e+00,2.219299586822975900e-02
2.025000000000000000e+01,2.018040869706531293e+00,4.843184599110075261e+00,2.108816175789139657e-02
2.030000000000000071e+01,2.030537788713874470e+00,4.843448175232431652e+00,2.032780711390457656e-02
2.035000000000000142e+01,2.043034952412738026e+00,4.843702250162796652e+00,1.960026602223588141e-02
2.040000000000000213e+01,2.055532339803179287e+00,4.843947233652840190e+00,1.893922370142510705e-02
2.045000000000000284e+01,2.068029817615799182e+00,4.844183954484976518e+00,1.799633705241768244e-02
2.050000000000000000e+01,2.080527573772960270e+00,4.844408892601133942e+00,1.734742575763745590e-02
2.055000000000000071e+01,2.093025508147988933e+00,4.844625721340586111e+00,1.672652016568370800e-02
2.060000000000000142e+01,2.105523605444620916e+00,4.844834790514960687e+00,1.616236624246010847e-02
2.065000000000000213e+01,2.118021768598823407e+00,4.845036807995999339e+00,1.535769794346952127e-02
2.070000000000000284e+01,2.130520134473710581e+00,4.845228769216049614e+00,1.480390264218919838e-02
2.075000000000000000e+01,2.143018630147478287e+00,4.845413809246890580e+00,1.427400935892369528e-02
2.080000000000000071e+01,2.155517244478830641e+00,4.845592226702355454e+00,1.379254879635663511e-02
2.085000000000000142e+01,2.168015906775552004e+00,4.845764626044205770e+00,1.310584477336224074e-02
2.090000000000000213e+01,2.180514716711609680e+00,4.845928442886419774e+00,1.263322909591638350e-02
2.095000000000000284e+01,2.193013621179792594e+00,4.846086352810831777e+00,1.218101278581399868e-02
2.100000000000000000e+01,2.205512612065428701e+00,4.846238610709221462e+00,1.177012923686069322e-02
2.105000000000000071e+01,2.218011637884479192e+00,4.846385732652401579e+00,1.118410179435344078e-02
2.110000000000000142e+01,2.230510771225267863e+00,4.846525530060887377e+00,1.078077026259027446e-02
2.115000000000000213e+01,2.243009973411938862e+00,4.846660286308850374e+00,1.039484848239808149e-02
2.120000000000000284e+01,2.255509238534417982e+00,4.846790218955838725e+00,1.004419995746814662e-02
2.125000000000000000e+01,2.268008529098569870e+00,4.846915768551683712e+00,9.544093600764552709e-03
2.130000000000000071e+01,2.280507897966363995e+00,4.847035067320427437e+00,9.199892879475309732e-03
2.135000000000000142e+01,2.293007316972247356e+00,4.847150063880715898e+00,8.870550223198528719e-03
2.140000000000000213e+01,2.305506781811915040e+00,4.847260943919614817e+00,8.571309373441504328e-03
2.145000000000000284e+01,2.318006265180162728e+00,4.847368083482337831e+00,8.144530164196394847e-03
2.150000000000000000e+01,2.330505805572754774e+00,4.847469888617140121e+00,7.850794069281298929e-03
2.155000000000000071e+01,2.343005382478549503e+00,4.847568022237543239e+00,7.569738171755350728e-03
2.160000000000000142e+01,2.355504992762798455e+00,4.847662642821933154e+00,7.314370602087677184e-03
2.165000000000000213e+01,2.368004616540747787e+00,4.847754071333112869e+00,6.950169732717132592e-03
2.170000000000000284e+01,2.380504281845862380e+00,4.847840947527437550e+00,6.699501557873552109e-03
2.175000000000000000e+01,2.393003973741409496e+00,4.847924690485656107e+00,6.459654803013129519e-03
2.180000000000000071e+01,2.405503689944454404e+00,4.848005435460551737e+00,6.241729824214694439e-03
2.185000000000000142e+01,2.418003415974321779e+00,4.848083456386520496e+00,5.930933475336446631e-03
2.190000000000000213e+01,2.430503172245373822e+00,4.848157592478694156e+00,5.717020162675755419e-03
2.195000000000000284e+01,2.443002947880424713e+00,4.848229054726595599e+00,5.512341861304417140e-03
2.200000000000000000e+01,2.455502741216918139e+00,4.848297958558565490e+00,5.326370925150604972e-03
2.205000000000000071e+01,2.468002541709719111e+00,4.848364537762104298e+00,5.061149638049720727e-03
2.210000000000000142e+01,2.480502364224713929e+00,4.848427801774477075e+00,4.878603129914568272e-03
2.215000000000000213e+01,2.493002200841024418e+00,4.848488784000325680e+00,4.703937707140080048e-03
2.220000000000000284e+01,2.505502050347906629e+00,4.848547582947436929e+00,4.545236472610956688e-03
2.225000000000000000e+01,2.518001905066247659e+00,4.848604398134257032e+00,4.318908261129314127e-03
2.230000000000000071e+01,2.530501775821410337e+00,4.848658384264991739e+00,4.163130057536082798e-03
2.235000000000000142e+01,2.543001656845376601e+00,4.848710423196038732e+00,4.014077446164972598e-03
2.240000000000000213e+01,2.555501547256443295e+00,4.848760598993708371e+00,3.878648021186483722e-03
2.245000000000000284e+01,2.568001441462623102e+00,4.848809081926760634e+00,3.685510292388729462e-03
2.250000000000000000e+01,2.580501347346911611e+00,4.848855150667135128e+00,3.552575821984254190e-03
2.255000000000000071e+01,2.593001260709041578e+00,4.848899557743940214e+00,3.425380816275303865e-03
2.260000000000000142e+01,2.605501180906935499e+00,4.848942374898252083e+00,3.309811226183358678e-03
2.265000000000000213e+01,2.618001103868497381e+00,4.848983747434673752e+00,3.144997299545383360e-03
2.270000000000000284e+01,2.630501035334068316e+00,4.849023059814990155e+00,3.031557208497018523e-03
2.275000000000000000e+01,2.643000972245033608e+00,4.849060954204925444e+00,2.923015007438616291e-03
2.280000000000000071e+01,2.655500914133822388e+00,4.849097491826717565e+00,2.824393372776831234e-03
2.285000000000000142e+01,2.668000858035144862e+00,4.849132796679310964e+00,2.683750002352583344e-03
2.290000000000000213e+01,2.680500808129057333e+00,4.849166343500945331e+00,2.586945888774091432e-03
2.295000000000000284e+01,2.693000762188302311e+00,4.849198680277844176e+00,2.494321462902626251e-03
2.300000000000000000e+01,2.705500719872390381e+00,4.849229859255242303e+00,2.410162736950262515e-03
2.305000000000000071e+01,2.718000679022016808e+00,4.849259986249332854e+00,2.290145565808305531e-03
2.310000000000000142e+01,2.730500642681042311e+00,4.849288613035726669e+00,2.207538048353218339e-03
2.315000000000000213e+01,2.743000609227604247e+00,4.849316207232305942e+00,2.128497309589565383e-03
2.320000000000000284e+01,2.755500578413756063e+00,4.849342813423268339e+00,2.056680739865809644e-03
2.325000000000000000e+01,2.768000548667114202e+00,4.849368521907585716e+00,1.954265064330533257e-03
2.330000000000000071e+01,2.780500522204169656e+00,4.849392950200273056e+00,1.883772381793015526e-03
2.335000000000000142e+01,2.793000497843904917e+00,4.849416497337009524e+00,1.816323430694746907e-03
2.340000000000000213e+01,2.805500475405765748e+00,4.849439201364105223e+00,1.755039176626208355e-03
2.345000000000000284e+01,2.818000453744762712e+00,4.849461139338321125e+00,1.667643780741783627e-03
2.350000000000000000e+01,2.830500434474904292e+00,4.849481984872769047e+00,1.607489382707522280e-03
2.355000000000000071e+01,2.843000416736193525e+00,4.849502078478845846e+00,1.549932359423609974e-03
2.360000000000000142e+01,2.855500400397151584e+00,4.849521452623528184e+00,1.497635927206700506e-03
2.365000000000000213e+01,2.868000384624014742e+00,4.849540173062991677e+00,1.423058074927723796e-03
2.370000000000000284e+01,2.880500370592072201e+00,4.849557961280967611e+00,1.371725888334074774e-03
2.375000000000000000e+01,2.893000357675089784e+00,4.849575107847607924e+00,1.322610168706759822e-03
2.380000000000000071e+01,2.905500345777325855e+00,4.849591640468620568e+00,1.277983519882155885e-03
2.385000000000000142e+01,2.918000334291647846e+00,4.849607615256637416e+00,1.214343471908740490e-03
2.390000000000000213e+01,2.930500324073876950e+00,4.849622794545089377e+00,1.170539720432449979e-03
2.395000000000000284e+01,2.943000314668002382e+00,4.849637426287267239e+00,1.128627382497351169e-03
2.400000000000000000e+01,2.955500306004305688e+00,4.849651534125760222e+00,1.090545739741164430e-03
2.405000000000000071e+01,2.968000297640684515e+00,4.849665165943790157e+00,1.036239400595873527e-03
2.410000000000000142e+01,2.980500290200328362e+00,4.849678118933224091e+00,9.988600178474154549e-04
2.415000000000000213e+01,2.993000283351180180e+00,4.849690604680758632e+00,9.630946609904291172e-04
2.420000000000000284e+01,3.005500277042472135e+00,4.849702643361667675e+00,9.305981772848527424e-04
2.425000000000000000e+01,3.018000270952274633e+00,4.849714275836574551e+00,8.842566820999931722e-04
2.430000000000000071e+01,3.030500265534379345e+00,4.849725329043191202e+00,8.523594997503894160e-04
2.435000000000000142e+01,3.043000260546989910e+00,4.849735983535267358e+00,8.218396329139509475e-04
2.440000000000000213e+01,3.055500255953138122e+00,4.849746256529216204e+00,7.941092121250043932e-04
2.445000000000000284e+01,3.068000251518401722e+00,4.849756182892932976e+00,7.545644367381437994e-04
2.450000000000000000e+01,3.080500247573221273e+00,4.849765614947205705e+00,7.273454484218407935e-04
2.455000000000000071e+01,3.093000243941526062e+00,4.849774706764272914e+00,7.013017783134731188e-04
2.460000000000000142e+01,3.105500240596396289e+00,4.849783473035593317e+00,6.776384392868196405e-04
2.465000000000000213e+01,3.118000237367131167e+00,4.849791943515192827e+00,6.438935659406534815e-04
2.470000000000000284e+01,3.130500234494349332e+00,4.849799992184030017e+00,6.206666700174331064e-04
2.475000000000000000e+01,3.143000231849840009e+00,4.849807750516760052e+00,5.984427181255871269e-04
2.480000000000000071e+01,3.155500229414001545e+00,4.849815231050172315e+00,5.782499833236748451e-04
2.485000000000000142e+01,3.168000227062533369e+00,4.849822459174410128e+00,5.494543812667808435e-04
2.490000000000000213e+01,3.180500224970647327e+00,4.849829327353718078e+00,5.296340928581230647e-04
2.495000000000000284e+01,3.193000223044984320e+00,4.849835947779477685e+00,5.106696536511802194e-04
2.500000000000000000e+01,3.205500221271269989e+00,4.849842331149797126e+00,4.934385192778420947e-04
2.505000000000000071e+01,3.218000219558992292e+00,4.849848499130943402e+00,4.688663079857544871e-04
2.510000000000000142e+01,3.230500218035735838e+00,4.849854359959508088e+00,4.519530052695924349e-04
2.515000000000000213e+01,3.243000216633519006e+00,4.849860009371824709e+00,4.357700293129911453e-04
2.520000000000000284e+01,3.255500215341947445e+00,4.849865456496972982e+00,4.210661387127628981e-04
2.525000000000000000e+01,3.268000214095112543e+00,4.849870719823493381e+00,4.000978940349556338e-04
2.530000000000000071e+01,3.280500212985918207e+00,4.849875721046991828e+00,3.856652274565406237e-04
2.535000000000000142e+01,3.293000211964861812e+00,4.849880541862180650e+00,3.718557741178252717e-04
2.540000000000000213e+01,3.305500211024374302e+00,4.849885190059221252e+00,3.593084715995456253e-04
2.545000000000000284e+01,3.318000210116463400e+00,4.849889681414983222e+00,3.414156141829676372e-04
2.550000000000000000e+01,3.330500209308778548e+00,4.849893949110050784e+00,3.290997616207016335e-04
2.555000000000000071e+01,3.343000208565273024e+00,4.849898062856975223e+00,3.173157180696835550e-04
2.560000000000000142e+01,3.355500207880436125e+00,4.849902029303367001e+00,3.066087075827344730e-04
2.565000000000000213e+01,3.368000207219320252e+00,4.849905861912128913e+00,2.913401803963465279e-04
2.570000000000000284e+01,3.380500206631186444e+00,4.849909503664315835e+00,2.808306777257328266e-04
2.575000000000000000e+01,3.393000206089786364e+00,4.849913014047727344e+00,2.707749853436136069e-04
2.580000000000000071e+01,3.405500205591107221e+00,4.849916398734992029e+00,2.616383587844610891e-04
2.585000000000000142e+01,3.418000205109701373e+00,4.849919669214425078e+00,2.486092581782435454e-04
2.590000000000000213e+01,3.430500204681438792e+00,4.849922776830109861e+00,2.396411743210979939e-04
2.595000000000000284e+01,3.443000204287206767e+00,4.849925772344751529e+00,2.310603415645190190e-04
2.600000000000000000e+01,3.455500203924082747e+00,4.849928660598988195e+00,2.232637759555089062e-04
2.605000000000000071e+01,3.468000203573536666e+00,4.849931451396155779e+00,2.121456498546616558e-04
2.610000000000000142e+01,3.480500203261688075e+00,4.849934103216752668e+00,2.044929092211631957e-04
2.615000000000000213e+01,3.493000202974619217e+00,4.849936659378094816e+00,1.971706223539521031e-04
2.620000000000000284e+01,3.505500202710202462e+00,4.849939124010854030e+00,1.905175745467885826e-04
2.625000000000000000e+01,3.518000202454944603e+00,4.849941505480516390e+00,1.810301433563574311e-04
2.630000000000000071e+01,3.530500202227865536e+00,4.849943768357292129e+00,1.744998274724881779e-04
2.635000000000000142e+01,3.543000202018830258e+00,4.849945949605121598e+00,1.682514982154191823e-04
2.640000000000000213e+01,3.555500201826289786e+00,4.849948052748836780e+00,1.625742508766931369e-04
2.645000000000000284e+01,3.568000201640418645e+00,4.849950084926960336e+00,1.544783424994431885e-04
2.650000000000000000e+01,3.580500201475066202e+00,4.849952015906231040e+00,1.489058272592149183e-04
2.655000000000000071e+01,3.593000201322853027e+00,4.849953877229062904e+00,1.435739399925070657e-04
2.660000000000000142e+01,3.605500201182650688e+00,4.849955671903305010e+00,1.387293740647121542e-04
2.665000000000000213e+01,3.618000201047304465e+00,4.849957406020473094e+00,1.318208950044902198e-04
2.670000000000000284e+01,3.630500200926899623e+00,4.849959053781653928e+00,1.270657010272951233e-04
2.675000000000000000e+01,3.643000200816062240e+00,4.849960642102911557e+00,1.225158423127465312e-04
2.680000000000000071e+01,3.655500200713970749e+00,4.849962173550935951e+00,1.183818294301418821e-04
2.685000000000000142e+01,3.668000200615415540e+00,4.849963653323799306e+00,1.124866200559683282e-04
2.690000000000000213e+01,3.680500200527740073e+00,4.849965059406546430e+00,1.084288715899640334e-04
2.695000000000000284e+01,3.693000200447031478e+00,4.849966414767437506e+00,1.045463419676523678e-04
2.700000000000000000e+01,3.705500200372691566e+00,4.849967721596708969e+00,1.010186659298053185e-04
2.705000000000000071e+01,3.718000200300926483e+00,4.849968984330030430e+00,9.598811024964066466e-05
2.710000000000000142e+01,3.730500200237083952e+00,4.849970184181406019e+00,9.252551338880186092e-05
2.715000000000000213e+01,3.743000200178314252e+00,4.849971340750321325e+00,8.921243606818508669e-05
2.720000000000000284e+01,3.755500200124182175e+00,4.849972455905770197e+00,8.620216578828107884e-05
2.725000000000000000e+01,3.768000200071925043e+00,4.849973533432840433e+00,8.190944508471289186e-05
2.730000000000000071e+01,3.780500200025436630e+00,4.849974557300902767e+00,7.895470914647124397e-05
2.735000000000000142e+01,3.793000199982642151e+00,4.849975544234765401e+00,7.612756272179129478e-05
2.740000000000000213e+01,3.805500199943224526e+00,4.849976495829298351e+00,7.355881045029150208e-05
2.745000000000000284e+01,3.818000199905172476e+00,4.849977415314428164e+00,6.989570636015821135e-05
2.750000000000000000e+01,3.830500199871321065e+00,4.849978289010756782e+00,6.737434343750558932e-05
2.755000000000000071e+01,3.843000199840159503e+00,4.849979131190049308e+00,6.496185645459318938e-05
2.760000000000000142e+01,3.855500199811456863e+00,4.849979943213254430e+00,6.276986477476512454e-05
2.765000000000000213e+01,3.868000199783748538e+00,4.849980727836562977e+00,5.964403123436582907e-05
2.770000000000000284e+01,3.880500199759099100e+00,4.849981473386952402e+00,5.749247846774768576e-05
2.775000000000000000e+01,3.893000199736408096e+00,4.849982192042932461e+00,5.543383277189290381e-05
2.780000000000000071e+01,3.905500199715507659e+00,4.849982884965841734e+00,5.356334216107080015e-05
2.785000000000000142e+01,3.918000199695331087e+00,4.849983554507618422e+00,5.089597745692122266e-05
2.790000000000000213e+01,3.930500199677382067e+00,4.849984190707336218e+00,4.905999469292894122e-05
2.795000000000000284e+01,3.943000199660859018e+00,4.849984803957269719e+00,4.730329227685845460e-05
2.800000000000000000e+01,3.955500199645639814e+00,4.849985395248422648e+00,4.570714807839906514e-05
2.805000000000000071e+01,3.968000199630947744e+00,4.849985966587773589e+00,4.343100832387279160e-05
2.810000000000000142e+01,3.980500199617877932e+00,4.849986509475377794e+00,4.186431078032996222e-05
2.815000000000000213e+01,3.993000199605846401e+00,4.849987032779262464e+00,4.036526548991284749e-05
2.820000000000000284e+01,4.005500199594764332e+00,4.849987537345080924e+00,3.900322919579703819e-05
2.825000000000000000e+01,4.018000199584066401e+00,4.849988024885445448e+00,3.706093316255571222e-05
2.830000000000000071e+01,4.030500199574548859e+00,4.849988488147110033e+00,3.572402463138808738e-05
2.835000000000000142e+01,4.043000199565788044e+00,4.849988934697417875e+00,3.444484575104878884e-05
2.840000000000000213e+01,4.055500199557718233e+00,4.849989365257989959e+00,3.328258062390459832e-05
2.845000000000000284e+01,4.068000199549928197e+00,4.849989781290247493e+00,3.162516319762863847e-05
2.850000000000000000e+01,4.080500199542997919e+00,4.849990176604787706e+00,3.048434037542148371e-05
2.855000000000000071e+01,4.093000199536618311e+00,4.849990557659042523e+00,2.939277995150792229e-05
2.860000000000000142e+01,4.105500199530742300e+00,4.849990925068792258e+00,2.840098542103759133e-05
2.865000000000000213e+01,4.118000199525069682e+00,4.849991280081109579e+00,2.698666321627026521e-05
2.870000000000000284e+01,4.130500199520023230e+00,4.849991617414399769e+00,2.601316606683734095e-05
2.875000000000000000e+01,4.143000199515378235e+00,4.849991942578975923e+00,2.508170595800164721e-05
2.880000000000000071e+01,4.155500199511099169e+00,4.849992256100300381e+00,2.423537897274537082e-05
2.885000000000000142e+01,4.168000199506968428e+00,4.849992559042537899e+00,2.302849699261698635e-05
2.890000000000000213e+01,4.180500199503294212e+00,4.849992846898750543e+00,2.219778372168173703e-05
2.895000000000000284e+01,4.193000199499911318e+00,4.849993124371047237e+00,2.140294188034622469e-05
2.900000000000000000e+01,4.205500199496795766e+00,4.849993391907820417e+00,2.068074659395764187e-05
2.905000000000000071e+01,4.218000199493787683e+00,4.849993650417152580e+00,1.965087938027672008e-05
2.910000000000000142e+01,4.230500199491111779e+00,4.849993896053145015e+00,1.894200774979597224e-05
2.915000000000000213e+01,4.243000199488649038e+00,4.849994132828241433e+00,1.826374625137516900e-05
2.920000000000000284e+01,4.255500199486379920e+00,4.849994361125069986e+00,1.764747615603275003e-05
2.925000000000000000e+01,4.268000199484189849e+00,4.849994581718521935e+00,1.676866077307987432e-05
2.930000000000000071e+01,4.280500199482241364e+00,4.849994791326781574e+00,1.616376015358830326e-05
2.935000000000000142e+01,4.293000199480447421e+00,4.849994993373783814e+00,1.558498004705993352e-05
2.940000000000000213e+01,4.305500199478795587e+00,4.849995188186034589e+00,1.505909899250550513e-05
2.945000000000000284e+01,4.318000199477200596e+00,4.849995376424772076e+00,1.430918050890114243e-05
2.950000000000000000e+01,4.330500199475781464e+00,4.849995555289528859e+00,1.379300136805093103e-05
2.955000000000000071e+01,4.343000199474475131e+00,4.849995727702046011e+00,1.329911161667164383e-05
2.960000000000000142e+01,4.355500199473271827e+00,4.849995893940941549e+00,1.285036215135348745e-05
2.965000000000000213e+01,4.368000199472110268e+00,4.849996054570468118e+00,1.221043511784740589e-05
2.970000000000000284e+01,4.380500199471077494e+00,4.849996207200907072e+00,1.176996458386989429e-05
2.975000000000000000e+01,4.393000199470126432e+00,4.849996354325464054e+00,1.134851423026132238e-05
2.980000000000000071e+01,4.405500199469250866e+00,4.849996496181891992e+00,1.096558338305539602e-05
2.985000000000000142e+01,4.418000199468440137e+00,4.849996633251683953e+00,1.061478721961870580e-05
2.990000000000000213e+01,4.430500199467686251e+00,4.849996765936523957e+00,1.029350488951930833e-05
2.995000000000000284e+01,4.443000199466982103e+00,4.849996894605334674e+00,9.998948840754767579e-06
3.000000000000000000e+01,4.455500199466322364e+00,4.849997019592195535e+00,9.728648738265919106e-06
3.005000000000000071e+01,4.468000199465701705e+00,4.849997141200304895e+00,9.480359014379771121e-06
3.010000000000000142e+01,4.480500199465114797e+00,4.849997259704792896e+00,9.252044842968568970e-06
3.015000000000000213e+01,4.493000199464558975e+00,4.849997375355353135e+00,9.041860361165117514e-06
3.020000000000000284e+01,4.505500199464029798e+00,4.849997488378607891e+00,8.848130175818325220e-06
3.025000000000000000e+01,4.518000199463525490e+00,4.849997598980235303e+00,8.669332465593746037e-06
3.030000000000000071e+01,4.530500199463042499e+00,4.849997707346891396e+00,8.504083689262847924e-06
3.035000000000000142e+01,4.543000199462579047e+00,4.849997813647937583e+00,8.351124692709062893e-06
3.040000000000000213e+01,4.555500199462133359e+00,4.849997918036995870e+00,8.209308061700900099e-06
3.045000000000000284e+01,4.568000199461703659e+00,4.849998020653346842e+00,8.077586564899737382e-06
3.050000000000000000e+01,4.580500199461289057e+00,4.849998121623179337e+00,7.955002541617098093e-06
3.055000000000000071e+01,4.593000199460887778e+00,4.849998221060711323e+00,7.840678094991649109e-06
3.060000000000000142e+01,4.605500199460498045e+00,4.849998319069187325e+00,7.733805939803054167e-06
3.065000000000000213e+01,4.618000199460119859e+00,4.849998415741761271e+00,7.633640753747935156e-06
3.070000000000000284e+01,4.630500199459751443e+00,4.849998511162270987e+00,7.539490859311698346e-06
3.075000000000000000e+01,4.643000199459392796e+00,4.849998605405906993e+00,7.450710032773789639e-06
3.080000000000000071e+01,4.655500199459043031e+00,4.849998698539782715e+00,7.366689186645901238e-06
3.085000000000000142e+01,4.668000199458701260e+00,4.849998790623397227e+00,7.286847580515618245e-06
3.090000000000000213e+01,4.680500199458366595e+00,4.849998881708992293e+00,7.210623091547434912e-06
3.095000000000000284e+01,4.693000199458039035e+00,4.849998971841780637e+00,7.137460836942996358e-06
3.100000000000000000e+01,4.705500199457718580e+00,4.849999061060040972e+00,7.066799086577312362e-06
